"steam_games_10982","wikidata_29999","0.9994382665806348"
"steam_games_1746","wikidata_8149","0.9994382665806348"
"steam_games_4386","wikidata_8189","0.9964581523718435"
"steam_games_9420","wikidata_15319","0.9994382665806348"
"steam_games_13463","wikidata_8138","0.9994382665806348"
"steam_games_4000","wikidata_8184","0.9994382665806348"
"steam_games_3999","wikidata_8183","0.9994382665806348"
"steam_games_3466","wikidata_8099","0.9780156745356843"
"steam_games_3465","wikidata_8098","0.9780156745356843"
"steam_games_12222","wikidata_8192","0.9994382665806348"
"steam_games_4793","wikidata_10803","0.9994382665806348"
"steam_games_4792","wikidata_10802","0.9994382665806348"
"steam_games_17450","wikidata_8463","0.8755374793979354"
"steam_games_17450","wikidata_8461","0.8995376285801625"
"steam_games_17450","wikidata_8462","0.8995376285801625"
"steam_games_17448","wikidata_9387","0.8755374793979354"
"steam_games_433","wikidata_9299","0.9994382665806348"
"steam_games_15411","wikidata_33751","0.9919651285611178"
"steam_games_6575","wikidata_27436","0.9994382665806348"
"steam_games_6896","wikidata_12262","0.9994382665806348"
"steam_games_6894","wikidata_12263","0.9994382665806348"
"steam_games_6895","wikidata_12264","0.9994382665806348"
"steam_games_20763","wikidata_24572","0.9994382665806348"
"steam_games_20762","wikidata_24573","0.9994382665806348"
"steam_games_3594","wikidata_10691","0.9994382665806348"
"steam_games_3592","wikidata_10692","0.9994382665806348"
"steam_games_3593","wikidata_10693","0.9994382665806348"
"steam_games_367","wikidata_15172","0.9823605645979405"
"steam_games_367","wikidata_15265","0.7825128470354772"
"steam_games_6845","wikidata_10694","0.9994382665806348"
"steam_games_6843","wikidata_10695","0.9994382665806348"
"steam_games_6844","wikidata_10696","0.9994382665806348"
"steam_games_12267","wikidata_10689","0.9994382665806348"
"steam_games_12268","wikidata_10690","0.9994382665806348"
"steam_games_12269","wikidata_10688","0.9994382665806348"
"steam_games_5270","wikidata_10833","0.9994382665806348"
"steam_games_5270","wikidata_10828","0.9994382665806348"
"steam_games_5270","wikidata_10823","0.9994382665806348"
"steam_games_5271","wikidata_10834","0.9994382665806348"
"steam_games_5271","wikidata_10829","0.9994382665806348"
"steam_games_5271","wikidata_10824","0.9994382665806348"
"steam_games_151","wikidata_9154","0.8755374793979354"
"steam_games_4739","wikidata_11219","0.9116554671920967"
"steam_games_3077","wikidata_12246","0.9994382665806348"
"steam_games_3076","wikidata_12245","0.9994382665806348"
"steam_games_6709","wikidata_9970","0.8755374793979354"
"steam_games_4141","wikidata_12210","0.8755374793979354"
"steam_games_12897","wikidata_9354","0.9994382665806348"
"steam_games_12897","wikidata_10796","0.7756303812916799"
"steam_games_19455","wikidata_10796","0.7518274240317221"
"steam_games_16530","wikidata_10796","0.9994382665806348"
"steam_games_10289","wikidata_9397","0.9964581523718435"
"steam_games_10288","wikidata_8971","0.8755374793979354"
"steam_games_4104","wikidata_10865","0.9994382665806348"
"steam_games_5123","wikidata_9386","0.99975109450327"
"steam_games_3002","wikidata_9371","0.9780156745356843"
"steam_games_10837","wikidata_8290","0.8755374793979354"
"steam_games_10837","wikidata_8289","0.8755374793979354"
"steam_games_2979","wikidata_9297","0.8755374793979354"
"steam_games_13485","wikidata_8147","0.9994382665806348"
"steam_games_1421","wikidata_7548","0.9964581523718435"
"steam_games_6307","wikidata_22702","0.9994382665806348"
"steam_games_6306","wikidata_22701","0.9994382665806348"
"steam_games_16757","wikidata_20433","0.9995548121764253"
"steam_games_14928","wikidata_16843","0.8755374793979354"
"steam_games_8009","wikidata_19828","0.9994382665806348"
"steam_games_8009","wikidata_19831","0.9994382665806348"
"steam_games_8010","wikidata_19829","0.9994382665806348"
"steam_games_8010","wikidata_19832","0.9994382665806348"
"steam_games_12860","wikidata_19998","0.8755374793979354"
"steam_games_12859","wikidata_19997","0.8755374793979354"
"steam_games_4293","wikidata_19943","0.8755374793979354"
"steam_games_4292","wikidata_19942","0.8755374793979354"
"steam_games_16045","wikidata_19933","0.9994382665806348"
"steam_games_16046","wikidata_19934","0.9994382665806348"
"steam_games_11143","wikidata_19670","0.8755374793979354"
"steam_games_30772","wikidata_20007","0.8746688835904627"
"steam_games_30910","wikidata_20007","0.9994382665806348"
"steam_games_5480","wikidata_19870","0.9994382665806348"
"steam_games_1933","wikidata_19651","0.9253794994632214"
"steam_games_16439","wikidata_19947","0.8755374793979354"
"steam_games_11230","wikidata_19995","0.8755374793979354"
"steam_games_11231","wikidata_19993","0.8755374793979354"
"steam_games_14647","wikidata_24220","0.8755374793979354"
"steam_games_12203","wikidata_19852","0.9964581523718435"
"steam_games_27990","wikidata_19938","0.9994382665806348"
"steam_games_5296","wikidata_19967","0.8755374793979354"
"steam_games_5295","wikidata_19969","0.8755374793979354"
"steam_games_5294","wikidata_19968","0.8755374793979354"
"steam_games_9654","wikidata_21271","0.9994382665806348"
"steam_games_2376","wikidata_32976","0.9994382665806348"
"steam_games_24214","wikidata_19853","0.9994382665806348"
"steam_games_2074","wikidata_35213","0.7024162556999796"
"steam_games_22841","wikidata_22626","0.9994382665806348"
"steam_games_22842","wikidata_22624","0.9994382665806348"
"steam_games_22840","wikidata_22625","0.9994382665806348"
"steam_games_11843","wikidata_32989","0.9994382665806348"
"steam_games_3382","wikidata_36012","0.8755374793979354"
"steam_games_1995","wikidata_33735","0.9994382665806348"
"steam_games_1993","wikidata_33736","0.9994382665806348"
"steam_games_6607","wikidata_16841","0.9994382665806348"
"steam_games_6606","wikidata_16842","0.9994382665806348"
"steam_games_32251","wikidata_16844","0.9994382665806348"
"steam_games_32252","wikidata_16845","0.9994382665806348"
"steam_games_17569","wikidata_33700","0.8755374793979354"
"steam_games_17567","wikidata_33701","0.8755374793979354"
"steam_games_817","wikidata_33733","0.9994382665806348"
"steam_games_817","wikidata_33734","0.7633069341734622"
"steam_games_1790","wikidata_33748","0.9994382665806348"
"steam_games_72","wikidata_33641","0.9994382665806348"
"steam_games_18362","wikidata_24413","0.9994382665806348"
"steam_games_1549","wikidata_31439","0.9780156745356843"
"steam_games_1549","wikidata_31441","0.9780156745356843"
"steam_games_1549","wikidata_31433","0.8750004499040858"
"steam_games_1549","wikidata_31436","0.8750004499040858"
"steam_games_1661","wikidata_31433","0.9994382665806348"
"steam_games_1661","wikidata_31436","0.9995478567028605"
"steam_games_1559","wikidata_33725","0.9994382665806348"
"steam_games_172","wikidata_19876","0.9995388469644497"
"steam_games_1591","wikidata_1022","0.8755374793979354"
"steam_games_1591","wikidata_4147","0.8537732619176122"
"steam_games_1591","wikidata_34218","0.9775537977153567"
"steam_games_1592","wikidata_4147","0.9994382665806348"
"steam_games_21120","wikidata_28452","0.9994382665806348"
"steam_games_21118","wikidata_28453","0.9994382665806348"
"steam_games_1232","wikidata_366","0.9994382665806348"
"steam_games_1234","wikidata_368","0.9994382665806348"
"steam_games_1233","wikidata_367","0.9994382665806348"
"steam_games_10875","wikidata_27543","0.9994382665806348"
"steam_games_1169","wikidata_18728","0.9997070849360229"
"steam_games_22153","wikidata_19704","0.9994382665806348"
"steam_games_22152","wikidata_19703","0.9994382665806348"
"steam_games_5028","wikidata_21276","0.8755374793979354"
"steam_games_5027","wikidata_21278","0.8755374793979354"
"steam_games_5026","wikidata_21277","0.8755374793979354"
"steam_games_11201","wikidata_27493","0.8755374793979354"
"steam_games_26741","wikidata_24607","0.9994382665806348"
"steam_games_2613","wikidata_19883","0.9955159803457793"
"steam_games_1581","wikidata_28388","0.9964581523718435"
"steam_games_670","wikidata_3685","0.9964581523718435"
"steam_games_671","wikidata_3684","0.9964581523718435"
"steam_games_988","wikidata_4103","0.8755374793979354"
"steam_games_988","wikidata_4088","0.8755374793979354"
"steam_games_989","wikidata_4090","0.8755374793979354"
"steam_games_989","wikidata_4089","0.8755374793979354"
"steam_games_11524","wikidata_19884","0.9994382665806348"
"steam_games_1143","wikidata_11206","0.9780156745356843"
"steam_games_14893","wikidata_19865","0.8755374793979354"
"steam_games_8853","wikidata_19996","0.8755374793979354"
"steam_games_138","wikidata_20282","0.9780156745356843"
"steam_games_101","wikidata_7438","0.8755374793979354"
"steam_games_26296","wikidata_353","0.9207017979784731"
"steam_games_1063","wikidata_4937","0.7943219526620012"
"steam_games_32842","wikidata_23694","0.908352482734506"
"steam_games_822","wikidata_14210","0.9521469210887544"
"steam_games_1168","wikidata_14252","0.9977370249856297"
"steam_games_1168","wikidata_14247","0.9977370249856297"
"steam_games_1168","wikidata_310","0.8324551605923743"
"steam_games_1168","wikidata_316","0.8614939159133502"
"steam_games_1168","wikidata_14205","0.8614939159133502"
"steam_games_1168","wikidata_14058","0.8614939159133502"
"steam_games_8479","wikidata_14292","0.9996127905996256"
"steam_games_8859","wikidata_14292","0.7852032586367851"
"steam_games_36214","wikidata_14058","0.7364633430774886"
"steam_games_2742","wikidata_32089","0.9996949170019968"
"steam_games_2742","wikidata_14267","0.9996949170019968"
"steam_games_2742","wikidata_14261","0.99975109450327"
"steam_games_3441","wikidata_14288","0.8582386432263681"
"steam_games_3441","wikidata_14285","0.8582386432263681"
"steam_games_31971","wikidata_14323","0.9995670636161265"
"steam_games_31971","wikidata_14319","0.9995670636161265"
"steam_games_21018","wikidata_14313","0.9995670636161265"
"steam_games_21018","wikidata_14316","0.9995670636161265"
"steam_games_1647","wikidata_14243","0.999551227975488"
"steam_games_1647","wikidata_14239","0.999551227975488"
"steam_games_5815","wikidata_14288","0.9979867813514463"
"steam_games_5815","wikidata_14285","0.9979867813514463"
"steam_games_5815","wikidata_14282","0.9528839601799269"
"steam_games_5815","wikidata_14276","0.9594813060415953"
"steam_games_5815","wikidata_14273","0.9629389460976272"
"steam_games_5815","wikidata_14295","0.708928735585403"
"steam_games_5815","wikidata_14296","0.708928735585403"
"steam_games_5815","wikidata_14279","0.9606376468799114"
"steam_games_9461","wikidata_14282","0.7746078071698294"
"steam_games_9461","wikidata_14276","0.9995586300090312"
"steam_games_9461","wikidata_14273","0.9995586300090312"
"steam_games_9461","wikidata_14279","0.9489894434630083"
"steam_games_4728","wikidata_14295","0.9995767586299835"
"steam_games_4728","wikidata_14296","0.9995767586299835"
"steam_games_25425","wikidata_21411","0.9994382665806348"
"steam_games_18109","wikidata_16779","0.996919644062904"
"steam_games_1214","wikidata_20171","0.8755374793979354"
"steam_games_1213","wikidata_20170","0.8755374793979354"
"steam_games_18107","wikidata_16733","0.9780156745356843"
"steam_games_2470","wikidata_24196","0.9994382665806348"
"steam_games_2471","wikidata_24197","0.9994382665806348"
"steam_games_13950","wikidata_18456","0.8755374793979354"
"steam_games_13951","wikidata_18454","0.8755374793979354"
"steam_games_13949","wikidata_18455","0.8755374793979354"
"steam_games_1573","wikidata_32064","0.9994382665806348"
"steam_games_1575","wikidata_32063","0.9994382665806348"
"steam_games_1574","wikidata_32065","0.9994382665806348"
"steam_games_33405","wikidata_19898","0.9994382665806348"
"steam_games_10765","wikidata_32921","0.9964581523718435"
"steam_games_7351","wikidata_9298","0.8755374793979354"
"steam_games_6774","wikidata_35371","0.9994382665806348"
"steam_games_560","wikidata_34621","0.9994382665806348"
"steam_games_561","wikidata_34622","0.9994382665806348"
"steam_games_874","wikidata_2257","0.9994382665806348"
"steam_games_5369","wikidata_34263","0.8755374793979354"
"steam_games_1855","wikidata_15444","0.9995821701645704"
"steam_games_1863","wikidata_17248","0.8714844511150748"
"steam_games_1863","wikidata_17240","0.9959929955848177"
"steam_games_1863","wikidata_17236","0.9995767586299835"
"steam_games_3782","wikidata_17240","0.9148777428380336"
"steam_games_3782","wikidata_17236","0.7052773252020947"
"steam_games_686","wikidata_18680","0.9995586300090312"
"steam_games_23721","wikidata_21273","0.8755374793979354"
"steam_games_26704","wikidata_8193","0.9994382665806348"
"steam_games_1384","wikidata_27469","0.9996735038906785"
"steam_games_1383","wikidata_27467","0.9996735038906785"
"steam_games_16443","wikidata_16540","0.891128938976887"
"steam_games_617","wikidata_20834","0.9994382665806348"
"steam_games_617","wikidata_20853","0.9084952992724894"
"steam_games_618","wikidata_20853","0.9972977941007484"
"steam_games_2663","wikidata_34734","0.8755374793979354"
"steam_games_2661","wikidata_34735","0.8755374793979354"
"steam_games_2662","wikidata_34736","0.8755374793979354"
"steam_games_326","wikidata_16305","0.9964581523718435"
"steam_games_326","wikidata_16297","0.9964581523718435"
"steam_games_324","wikidata_16306","0.9964581523718435"
"steam_games_324","wikidata_16298","0.9964581523718435"
"steam_games_325","wikidata_16300","0.9964581523718435"
"steam_games_325","wikidata_16308","0.9964581523718435"
"steam_games_2080","wikidata_33713","0.9996387422857858"
"steam_games_2081","wikidata_33717","0.9996387422857858"
"steam_games_2082","wikidata_33712","0.9996387422857858"
"steam_games_2976","wikidata_32140","0.9994382665806348"
"steam_games_191","wikidata_26854","0.8755374793979354"
"steam_games_12590","wikidata_32193","0.9994382665806348"
"steam_games_12589","wikidata_32192","0.9994382665806348"
"steam_games_6426","wikidata_32171","0.9994382665806348"
"steam_games_6425","wikidata_32173","0.9994382665806348"
"steam_games_6424","wikidata_32172","0.9994382665806348"
"steam_games_192","wikidata_26855","0.9780156745356843"
"steam_games_6040","wikidata_32165","0.9994382665806348"
"steam_games_6041","wikidata_32166","0.9994382665806348"
"steam_games_4324","wikidata_26858","0.9995943556717913"
"steam_games_2587","wikidata_28399","0.9994382665806348"
"steam_games_21860","wikidata_32247","0.9964581523718435"
"steam_games_11489","wikidata_32206","0.9994382665806348"
"steam_games_27272","wikidata_32221","0.9994382665806348"
"steam_games_1400","wikidata_32187","0.8755374793979354"
"steam_games_1399","wikidata_32189","0.8755374793979354"
"steam_games_1398","wikidata_32188","0.8755374793979354"
"steam_games_14437","wikidata_32178","0.9994382665806348"
"steam_games_33065","wikidata_35951","0.9994382665806348"
"steam_games_1401","wikidata_32190","0.9964581523718435"
"steam_games_21047","wikidata_32145","0.8755374793979354"
"steam_games_2596","wikidata_32186","0.9994382665806348"
"steam_games_27378","wikidata_32224","0.9994382665806348"
"steam_games_27379","wikidata_32225","0.9994382665806348"
"steam_games_27380","wikidata_32223","0.9994382665806348"
"steam_games_1393","wikidata_31989","0.8755374793979354"
"steam_games_1392","wikidata_31988","0.8755374793979354"
"steam_games_20973","wikidata_31902","0.8755374793979354"
"steam_games_20975","wikidata_32191","0.9994382665806348"
"steam_games_4587","wikidata_31959","0.8755374793979354"
"steam_games_4586","wikidata_31883","0.8755374793979354"
"steam_games_16702","wikidata_32079","0.8755374793979354"
"steam_games_9544","wikidata_32233","0.8755374793979354"
"steam_games_9546","wikidata_32232","0.8755374793979354"
"steam_games_9545","wikidata_32234","0.8755374793979354"
"steam_games_14492","wikidata_32036","0.8755374793979354"
"steam_games_9795","wikidata_32207","0.91804896470959"
"steam_games_8751","wikidata_33621","0.8755374793979354"
"steam_games_730","wikidata_32082","0.9994382665806348"
"steam_games_1395","wikidata_31976","0.8755374793979354"
"steam_games_1183","wikidata_29041","0.9994382665806348"
"steam_games_1182","wikidata_29079","0.9994382665806348"
"steam_games_1181","wikidata_29081","0.9994382665806348"
"steam_games_31076","wikidata_33847","0.8755374793979354"
"steam_games_18981","wikidata_25428","0.9994382665806348"
"steam_games_3484","wikidata_29050","0.9994382665806348"
"steam_games_3484","wikidata_29048","0.9995548121764253"
"steam_games_3485","wikidata_29055","0.9995548121764253"
"steam_games_3485","wikidata_29043","0.9994382665806348"
"steam_games_3486","wikidata_29052","0.9994382665806348"
"steam_games_3486","wikidata_29047","0.9995548121764253"
"steam_games_1702","wikidata_26202","0.9629117531756975"
"steam_games_1703","wikidata_26203","0.9629117531756975"
"steam_games_37834","wikidata_6240","0.8755374793979354"
"steam_games_2447","wikidata_2090","0.9964581523718435"
"steam_games_2445","wikidata_2091","0.9964581523718435"
"steam_games_2446","wikidata_2092","0.9964581523718435"
"steam_games_473","wikidata_22759","0.894958851484123"
"steam_games_473","wikidata_22757","0.894958851484123"
"steam_games_482","wikidata_6211","0.9996214248914322"
"steam_games_482","wikidata_6210","0.9995388469644497"
"steam_games_482","wikidata_6226","0.9995388469644497"
"steam_games_584","wikidata_26351","0.894958851484123"
"steam_games_3565","wikidata_12841","0.9845882366154048"
"steam_games_3563","wikidata_12842","0.9845882366154048"
"steam_games_3564","wikidata_12843","0.9845882366154048"
"steam_games_5393","wikidata_28772","0.8755374793979354"
"steam_games_8812","wikidata_5218","0.8755374793979354"
"steam_games_1453","wikidata_24102","0.9994382665806348"
"steam_games_6847","wikidata_26954","0.9780156745356843"
"steam_games_2500","wikidata_20556","0.7153571655881557"
"steam_games_2684","wikidata_20556","0.9994382665806348"
"steam_games_4368","wikidata_20556","0.8385548918961881"
"steam_games_135","wikidata_30144","0.9404950279907606"
"steam_games_135","wikidata_30145","0.9404950279907606"
"steam_games_133","wikidata_30144","0.9996360743710465"
"steam_games_133","wikidata_30145","0.9996360743710465"
"steam_games_134","wikidata_30142","0.9996360743710465"
"steam_games_134","wikidata_30146","0.9996360743710465"
"steam_games_132","wikidata_30144","0.9853282767463483"
"steam_games_132","wikidata_30145","0.9853282767463483"
"steam_games_369","wikidata_28647","0.9996260650869745"
"steam_games_370","wikidata_28649","0.9996260650869745"
"steam_games_1871","wikidata_28659","0.9404950279907606"
"steam_games_1890","wikidata_28659","0.9929045644329968"
"steam_games_5803","wikidata_32156","0.9735575735716199"
"steam_games_5802","wikidata_32154","0.9735575735716199"
"steam_games_622","wikidata_2932","0.999544680018272"
"steam_games_1627","wikidata_6031","0.9271037006133718"
"steam_games_1626","wikidata_6032","0.9271037006133718"
"steam_games_33094","wikidata_24618","0.8755374793979354"
"steam_games_11940","wikidata_32986","0.9994382665806348"
"steam_games_5400","wikidata_20884","0.8755374793979354"
"steam_games_2118","wikidata_6003","0.9994382665806348"
"steam_games_2119","wikidata_6005","0.9994382665806348"
"steam_games_858","wikidata_16624","0.7262301178089767"
"steam_games_858","wikidata_16623","0.9964581523718435"
"steam_games_33006","wikidata_16624","0.9069153777969975"
"steam_games_2203","wikidata_5581","0.8755374793979354"
"steam_games_2201","wikidata_5582","0.8755374793979354"
"steam_games_2202","wikidata_5583","0.8755374793979354"
"steam_games_8647","wikidata_27427","0.9207017979784731"
"steam_games_8647","wikidata_27426","0.9003731012339485"
"steam_games_20642","wikidata_19928","0.9954542425039478"
"steam_games_20641","wikidata_19927","0.9954542425039478"
"steam_games_6628","wikidata_9374","0.9994382665806348"
"steam_games_1413","wikidata_34564","0.8755374793979354"
"steam_games_8292","wikidata_24456","0.9994382665806348"
"steam_games_25477","wikidata_34731","0.8755374793979354"
"steam_games_30446","wikidata_4049","0.8755374793979354"
"steam_games_3590","wikidata_8132","0.9964581523718435"
"steam_games_3591","wikidata_8130","0.9964581523718435"
"steam_games_3589","wikidata_8131","0.9964581523718435"
"steam_games_543","wikidata_16260","0.9964581523718435"
"steam_games_681","wikidata_26786","0.9780156745356843"
"steam_games_682","wikidata_16260","0.9898720909243905"
"steam_games_266","wikidata_18337","0.8755374793979354"
"steam_games_267","wikidata_20850","0.8755374793979354"
"steam_games_264","wikidata_20859","0.8755374793979354"
"steam_games_265","wikidata_20842","0.8755374793979354"
"steam_games_7585","wikidata_34755","0.8755374793979354"
"steam_games_7584","wikidata_34754","0.8755374793979354"
"steam_games_308","wikidata_27991","0.9994382665806348"
"steam_games_1940","wikidata_18516","0.9271037006133718"
"steam_games_232","wikidata_3397","0.8755374793979354"
"steam_games_13743","wikidata_35210","0.9994382665806348"
"steam_games_20861","wikidata_4380","0.8755374793979354"
"steam_games_6824","wikidata_4363","0.8755374793979354"
"steam_games_1590","wikidata_357","0.8755374793979354"
"steam_games_1584","wikidata_930","0.9964581523718435"
"steam_games_1583","wikidata_928","0.9964581523718435"
"steam_games_1585","wikidata_927","0.9964581523718435"
"steam_games_28980","wikidata_20473","0.9994382665806348"
"steam_games_534","wikidata_22483","0.9964581523718435"
"steam_games_534","wikidata_22486","0.9964581523718435"
"steam_games_2732","wikidata_18101","0.9982793852853744"
"steam_games_23806","wikidata_18108","0.99968922032046"
"steam_games_23806","wikidata_18107","0.99968922032046"
"steam_games_720","wikidata_7496","0.9994382665806348"
"steam_games_721","wikidata_7497","0.9994382665806348"
"steam_games_7879","wikidata_22714","0.9994382665806348"
"steam_games_7878","wikidata_22713","0.9994382665806348"
"steam_games_7880","wikidata_22712","0.9994382665806348"
"steam_games_1366","wikidata_17086","0.8755374793979354"
"steam_games_14521","wikidata_26292","0.9994382665806348"
"steam_games_14523","wikidata_26291","0.9994382665806348"
"steam_games_3842","wikidata_24297","0.9994382665806348"
"steam_games_3842","wikidata_24301","0.7482528674285108"
"steam_games_3843","wikidata_24298","0.9994382665806348"
"steam_games_3843","wikidata_24302","0.7482528674285108"
"steam_games_8326","wikidata_9163","0.9116554671920967"
"steam_games_86","wikidata_1157","0.9994382665806348"
"steam_games_85","wikidata_1159","0.9994382665806348"
"steam_games_84","wikidata_1158","0.9994382665806348"
"steam_games_22483","wikidata_26268","0.7219606171856878"
"steam_games_22481","wikidata_26269","0.7219606171856878"
"steam_games_22482","wikidata_26270","0.7219606171856878"
"steam_games_29850","wikidata_10855","0.9994382665806348"
"steam_games_4479","wikidata_32137","0.8501660746594529"
"steam_games_4478","wikidata_32136","0.8501660746594529"
"steam_games_11773","wikidata_15312","0.9994382665806348"
"steam_games_1379","wikidata_5473","0.9994382665806348"
"steam_games_1379","wikidata_5474","0.9994382665806348"
"steam_games_22219","wikidata_21135","0.9994382665806348"
"steam_games_1337","wikidata_22611","0.9994382665806348"
"steam_games_1338","wikidata_22613","0.9994382665806348"
"steam_games_39","wikidata_6018","0.9994382665806348"
"steam_games_38","wikidata_6020","0.9994382665806348"
"steam_games_37","wikidata_6019","0.9994382665806348"
"steam_games_750","wikidata_25666","0.9964581523718435"
"steam_games_9859","wikidata_17623","0.7324407990596845"
"steam_games_9859","wikidata_17614","0.9996360743710465"
"steam_games_9859","wikidata_17611","0.9996360743710465"
"steam_games_7166","wikidata_17622","0.9995226459748846"
"steam_games_7166","wikidata_17621","0.9995226459748846"
"steam_games_7166","wikidata_17599","0.7961356741064967"
"steam_games_7166","wikidata_17594","0.7961356741064967"
"steam_games_2582","wikidata_17599","0.9977729637309262"
"steam_games_2582","wikidata_17594","0.9977729637309262"
"steam_games_12214","wikidata_35018","0.8755374793979354"
"steam_games_666","wikidata_34769","0.9996012474030023"
"steam_games_11129","wikidata_24837","0.9994382665806348"
"steam_games_11128","wikidata_24839","0.9994382665806348"
"steam_games_11127","wikidata_24838","0.9994382665806348"
"steam_games_4044","wikidata_35793","0.8755374793979354"
"steam_games_1986","wikidata_34581","0.9994382665806348"
"steam_games_1985","wikidata_34580","0.9994382665806348"
"steam_games_4045","wikidata_35807","0.8755374793979354"
"steam_games_28617","wikidata_34378","0.9994382665806348"
"steam_games_4046","wikidata_35800","0.8755374793979354"
"steam_games_2423","wikidata_19756","0.9994382665806348"
"steam_games_18416","wikidata_33280","0.8755374793979354"
"steam_games_12638","wikidata_34703","0.9994382665806348"
"steam_games_274","wikidata_260","0.9994382665806348"
"steam_games_807","wikidata_26421","0.8755374793979354"
"steam_games_807","wikidata_31866","0.8987562656145975"
"steam_games_804","wikidata_28053","0.8755374793979354"
"steam_games_804","wikidata_28048","0.9012684658029234"
"steam_games_4047","wikidata_35815","0.8755374793979354"
"steam_games_29315","wikidata_15337","0.8755374793979354"
"steam_games_29314","wikidata_15336","0.8755374793979354"
"steam_games_571","wikidata_20942","0.9994382665806348"
"steam_games_7305","wikidata_29799","0.9994382665806348"
"steam_games_263","wikidata_16107","0.8383341365975551"
"steam_games_263","wikidata_16101","0.8383341365975551"
"steam_games_1097","wikidata_16080","0.9964581523718435"
"steam_games_21964","wikidata_16139","0.9994382665806348"
"steam_games_23292","wikidata_16142","0.9995548121764253"
"steam_games_1378","wikidata_21244","0.9964581523718435"
"steam_games_5825","wikidata_24694","0.9965284708612648"
"steam_games_6745","wikidata_4171","0.8755374793979354"
"steam_games_1548","wikidata_5013","0.8755374793979354"
"steam_games_12895","wikidata_17541","0.9236974364874365"
"steam_games_12895","wikidata_17553","0.7372623156657218"
"steam_games_1101","wikidata_17548","0.9996471860200857"
"steam_games_1101","wikidata_17555","0.7394807634749042"
"steam_games_1104","wikidata_17555","0.9994382665806348"
"steam_games_3703","wikidata_17562","0.9413314844532206"
"steam_games_3703","wikidata_17560","0.9413314844532206"
"steam_games_18955","wikidata_17553","0.9994382665806348"
"steam_games_542","wikidata_17647","0.9964581523718435"
"steam_games_542","wikidata_17644","0.9964581523718435"
"steam_games_542","wikidata_17650","0.9964581523718435"
"steam_games_542","wikidata_17671","0.9639690536550884"
"steam_games_542","wikidata_17668","0.9575176866115457"
"steam_games_1156","wikidata_17653","0.9996595863842695"
"steam_games_354","wikidata_827","0.9964581523718435"
"steam_games_1736","wikidata_30940","0.9994382665806348"
"steam_games_11649","wikidata_30947","0.9994382665806348"
"steam_games_2839","wikidata_29123","0.9136929149330376"
"steam_games_18844","wikidata_30928","0.7208784461969675"
"steam_games_18845","wikidata_22597","0.9423064858090108"
"steam_games_6251","wikidata_19518","0.9780156745356843"
"steam_games_6111","wikidata_21099","0.8755374793979354"
"steam_games_2150","wikidata_16130","0.9996087676975052"
"steam_games_2150","wikidata_16125","0.9994382665806348"
"steam_games_10194","wikidata_28816","0.8673345768508213"
"steam_games_10194","wikidata_7131","0.7594436784060867"
"steam_games_8933","wikidata_28816","0.929473035979498"
"steam_games_6208","wikidata_28816","0.9994382665806348"
"steam_games_337","wikidata_31451","0.8755374793979354"
"steam_games_337","wikidata_31453","0.8755374793979354"
"steam_games_27668","wikidata_28267","0.9994382665806348"
"steam_games_27669","wikidata_28268","0.9994382665806348"
"steam_games_27670","wikidata_28266","0.9994382665806348"
"steam_games_26485","wikidata_26942","0.9994382665806348"
"steam_games_26485","wikidata_26939","0.9995627049295988"
"steam_games_26486","wikidata_26940","0.9995627049295988"
"steam_games_26486","wikidata_26943","0.9994382665806348"
"steam_games_115","wikidata_6100","0.8755374793979354"
"steam_games_3595","wikidata_22699","0.9964581523718435"
"steam_games_540","wikidata_17069","0.9994382665806348"
"steam_games_1159","wikidata_17069","0.8970337140439757"
"steam_games_1155","wikidata_17069","0.978555639229579"
"steam_games_14557","wikidata_21294","0.9995717365350115"
"steam_games_14557","wikidata_21289","0.9073558760807793"
"steam_games_6467","wikidata_21294","0.9043366380117709"
"steam_games_6467","wikidata_21289","0.9995821701645704"
"steam_games_9393","wikidata_17882","0.9994382665806348"
"steam_games_5269","wikidata_24372","0.9994382665806348"
"steam_games_2328","wikidata_34780","0.8755374793979354"
"steam_games_2328","wikidata_34823","0.9996595863842695"
"steam_games_2328","wikidata_34821","0.9203200044541155"
"steam_games_2703","wikidata_34821","0.9592198512563033"
"steam_games_620","wikidata_28756","0.9043854320912416"
"steam_games_620","wikidata_28752","0.9043854320912416"
"steam_games_2042","wikidata_30679","0.8755374793979354"
"steam_games_27900","wikidata_22727","0.8755374793979354"
"steam_games_1326","wikidata_21169","0.9994382665806348"
"steam_games_1328","wikidata_21168","0.9994382665806348"
"steam_games_1327","wikidata_21171","0.9994382665806348"
"steam_games_2572","wikidata_21266","0.8755374793979354"
"steam_games_1249","wikidata_21801","0.9994382665806348"
"steam_games_1250","wikidata_21803","0.9994382665806348"
"steam_games_980","wikidata_27242","0.9679136885340854"
"steam_games_2678","wikidata_30998","0.9994382665806348"
"steam_games_2676","wikidata_30999","0.9994382665806348"
"steam_games_2677","wikidata_31000","0.9994382665806348"
"steam_games_6420","wikidata_24871","0.8530988366637551"
"steam_games_14272","wikidata_24394","0.9994382665806348"
"steam_games_14271","wikidata_24393","0.9994382665806348"
"steam_games_103","wikidata_10075","0.9994382665806348"
"steam_games_3232","wikidata_6613","0.8755374793979354"
"steam_games_39042","wikidata_20195","0.9964581523718435"
"steam_games_7893","wikidata_24504","0.9994382665806348"
"steam_games_5609","wikidata_30954","0.9012684658029234"
"steam_games_5608","wikidata_30953","0.9012684658029234"
"steam_games_1373","wikidata_13366","0.9994382665806348"
"steam_games_2826","wikidata_24243","0.9994382665806348"
"steam_games_5357","wikidata_24243","0.8136340639646883"
"steam_games_15955","wikidata_30000","0.987983142534505"
"steam_games_5821","wikidata_33019","0.9994382665806348"
"steam_games_3259","wikidata_34369","0.9994382665806348"
"steam_games_2293","wikidata_29798","0.9994382665806348"
"steam_games_2326","wikidata_25594","0.9994382665806348"
"steam_games_2327","wikidata_25592","0.9994382665806348"
"steam_games_2325","wikidata_25593","0.9994382665806348"
"steam_games_2434","wikidata_25595","0.8755374793979354"
"steam_games_2434","wikidata_25597","0.8755374793979354"
"steam_games_2434","wikidata_25593","0.8833242329565625"
"steam_games_2435","wikidata_25598","0.8755374793979354"
"steam_games_2435","wikidata_25594","0.8833242329565625"
"steam_games_2435","wikidata_25596","0.8755374793979354"
"steam_games_1748","wikidata_1056","0.8755374793979354"
"steam_games_1748","wikidata_1059","0.8755374793979354"
"steam_games_1636","wikidata_959","0.8755374793979354"
"steam_games_319","wikidata_35631","0.8755374793979354"
"steam_games_319","wikidata_35626","0.8755374793979354"
"steam_games_319","wikidata_35623","0.8755374793979354"
"steam_games_319","wikidata_35629","0.8755374793979354"
"steam_games_318","wikidata_35633","0.8755374793979354"
"steam_games_318","wikidata_35630","0.8755374793979354"
"steam_games_318","wikidata_35625","0.8755374793979354"
"steam_games_318","wikidata_35628","0.8755374793979354"
"steam_games_5303","wikidata_30815","0.825888725146493"
"steam_games_3797","wikidata_30815","0.9994382665806348"
"steam_games_21981","wikidata_30820","0.9994382665806348"
"steam_games_6549","wikidata_13442","0.8755374793979354"
"steam_games_21022","wikidata_24961","0.8755374793979354"
"steam_games_810","wikidata_11230","0.8755374793979354"
"steam_games_609","wikidata_34472","0.952455807157202"
"steam_games_609","wikidata_34477","0.8755374793979354"
"steam_games_609","wikidata_34471","0.9496243173595231"
"steam_games_609","wikidata_34478","0.9727856249550678"
"steam_games_609","wikidata_34481","0.8354555177145587"
"steam_games_517","wikidata_34471","0.9994382665806348"
"steam_games_610","wikidata_34478","0.9994382665806348"
"steam_games_2294","wikidata_25654","0.9994382665806348"
"steam_games_2294","wikidata_25655","0.9994382665806348"
"steam_games_4592","wikidata_22769","0.9994382665806348"
"steam_games_4592","wikidata_22774","0.9932146097024355"
"steam_games_4591","wikidata_22770","0.9994382665806348"
"steam_games_4591","wikidata_22775","0.9932146097024355"
"steam_games_28373","wikidata_10758","0.9994382665806348"
"steam_games_1844","wikidata_21091","0.99975109450327"
"steam_games_1844","wikidata_21095","0.9994530743315867"
"steam_games_1080","wikidata_32323","0.9994382665806348"
"steam_games_1681","wikidata_31255","0.9996471860200857"
"steam_games_12906","wikidata_28218","0.9994382665806348"
"steam_games_636","wikidata_14600","0.9994382665806348"
"steam_games_4675","wikidata_17000","0.9994382665806348"
"steam_games_458","wikidata_18463","0.9651611286211892"
"steam_games_5184","wikidata_15102","0.9997070849360229"
"steam_games_9706","wikidata_26696","0.9996360743710465"
"steam_games_9706","wikidata_17533","0.9996360743710465"
"steam_games_15397","wikidata_16998","0.9964581523718435"
"steam_games_642","wikidata_15097","0.9994382665806348"
"steam_games_959","wikidata_2099","0.8755374793979354"
"steam_games_4986","wikidata_18423","0.9994382665806348"
"steam_games_2675","wikidata_30850","0.8755374793979354"
"steam_games_8007","wikidata_20220","0.8755374793979354"
"steam_games_5898","wikidata_20214","0.8755374793979354"
"steam_games_10097","wikidata_28825","0.8755374793979354"
"steam_games_7485","wikidata_21465","0.8479307509822914"
"steam_games_10350","wikidata_29699","0.8755374793979354"
"steam_games_979","wikidata_29687","0.8755374793979354"
"steam_games_978","wikidata_29686","0.8755374793979354"
"steam_games_10351","wikidata_29692","0.8755374793979354"
"steam_games_4846","wikidata_13882","0.908352482734506"
"steam_games_4846","wikidata_13859","0.908352482734506"
"steam_games_4847","wikidata_13872","0.9055977489039447"
"steam_games_20085","wikidata_29758","0.9994382665806348"
"steam_games_254","wikidata_35044","0.8755374793979354"
"steam_games_1643","wikidata_35049","0.991239073243559"
"steam_games_1643","wikidata_35048","0.9994382665806348"
"steam_games_422","wikidata_35030","0.9964581523718435"
"steam_games_422","wikidata_35031","0.9972683772779538"
"steam_games_29067","wikidata_18448","0.9994382665806348"
"steam_games_29066","wikidata_18449","0.9994382665806348"
"steam_games_17166","wikidata_11959","0.8755374793979354"
"steam_games_17167","wikidata_11960","0.8755374793979354"
"steam_games_3200","wikidata_34661","0.9994382665806348"
"steam_games_3198","wikidata_34658","0.9994382665806348"
"steam_games_3199","wikidata_34659","0.9994382665806348"
"steam_games_3250","wikidata_35375","0.9043854320912416"
"steam_games_23020","wikidata_10812","0.9994382665806348"
"steam_games_23020","wikidata_10807","0.9994382665806348"
"steam_games_23019","wikidata_10814","0.9994382665806348"
"steam_games_23019","wikidata_10809","0.9994382665806348"
"steam_games_23018","wikidata_10813","0.9994382665806348"
"steam_games_23018","wikidata_10808","0.9994382665806348"
"steam_games_35550","wikidata_24556","0.9994382665806348"
"steam_games_35548","wikidata_24557","0.9994382665806348"
"steam_games_35549","wikidata_24558","0.9994382665806348"
"steam_games_825","wikidata_6182","0.9964581523718435"
"steam_games_328","wikidata_349","0.8755374793979354"
"steam_games_347","wikidata_34420","0.9996663392849356"
"steam_games_1073","wikidata_34279","0.9994382665806348"
"steam_games_5638","wikidata_35261","0.8755374793979354"
"steam_games_30460","wikidata_29926","0.8755374793979354"
"steam_games_39966","wikidata_34718","0.9994382665806348"
"steam_games_39965","wikidata_34719","0.9994382665806348"
"steam_games_216","wikidata_22257","0.9964581523718435"
"steam_games_215","wikidata_22257","0.8019176135223933"
"steam_games_215","wikidata_22254","0.8755374793979354"
"steam_games_8072","wikidata_8150","0.9994382665806348"
"steam_games_33721","wikidata_33053","0.9994382665806348"
"steam_games_17279","wikidata_32970","0.9964581523718435"
"steam_games_21730","wikidata_20425","0.8755374793979354"
"steam_games_25521","wikidata_33052","0.9994382665806348"
"steam_games_1991","wikidata_24313","0.9994382665806348"
"steam_games_1990","wikidata_24312","0.9994382665806348"
"steam_games_1992","wikidata_24311","0.9994382665806348"
"steam_games_27844","wikidata_15318","0.8492558390246248"
"steam_games_3902","wikidata_15287","0.9994382665806348"
"steam_games_2739","wikidata_34656","0.9994382665806348"
"steam_games_35883","wikidata_33956","0.9964581523718435"
"steam_games_20451","wikidata_15360","0.9994382665806348"
"steam_games_36670","wikidata_15365","0.9994382665806348"
"steam_games_36669","wikidata_15364","0.9994382665806348"
"steam_games_13124","wikidata_15279","0.9994382665806348"
"steam_games_13122","wikidata_15280","0.9994382665806348"
"steam_games_13123","wikidata_15281","0.9994382665806348"
"steam_games_25773","wikidata_26275","0.8311469188797191"
"steam_games_25774","wikidata_26276","0.8311469188797191"
"steam_games_1079","wikidata_20912","0.9994382665806348"
"steam_games_1079","wikidata_20906","0.9994382665806348"
"steam_games_3268","wikidata_20975","0.9996360743710465"
"steam_games_3268","wikidata_20970","0.9994382665806348"
"steam_games_3268","wikidata_20965","0.9994382665806348"
"steam_games_3269","wikidata_20972","0.9994382665806348"
"steam_games_3269","wikidata_20977","0.9996360743710465"
"steam_games_3269","wikidata_20967","0.9994382665806348"
"steam_games_3270","wikidata_20974","0.9996360743710465"
"steam_games_3270","wikidata_20969","0.9994382665806348"
"steam_games_3270","wikidata_20964","0.9994382665806348"
"steam_games_1118","wikidata_32174","0.9994382665806348"
"steam_games_11249","wikidata_20454","0.9994382665806348"
"steam_games_13406","wikidata_27982","0.8755374793979354"
"steam_games_32058","wikidata_27982","0.8755374793979354"
"steam_games_35837","wikidata_20996","0.9994382665806348"
"steam_games_8838","wikidata_35948","0.9994382665806348"
"steam_games_19540","wikidata_20986","0.9994382665806348"
"steam_games_19539","wikidata_20988","0.9994382665806348"
"steam_games_19538","wikidata_20987","0.9994382665806348"
"steam_games_735","wikidata_20936","0.9964581523718435"
"steam_games_1121","wikidata_3438","0.9994382665806348"
"steam_games_413","wikidata_13331","0.8755374793979354"
"steam_games_3997","wikidata_5958","0.997483603795974"
"steam_games_12888","wikidata_24403","0.9994382665806348"
"steam_games_131","wikidata_32429","0.9993030451552358"
"steam_games_131","wikidata_32435","0.9993030451552358"
"steam_games_128","wikidata_19523","0.9997350097238068"
"steam_games_6407","wikidata_19219","0.8755374793979354"
"steam_games_4924","wikidata_32945","0.9964581523718435"
"steam_games_3536","wikidata_32918","0.9994382665806348"
"steam_games_3536","wikidata_32948","0.7231625871893053"
"steam_games_11107","wikidata_32948","0.9994382665806348"
"steam_games_12506","wikidata_22715","0.9994382665806348"
"steam_games_5971","wikidata_27586","0.8755374793979354"
"steam_games_3793","wikidata_32792","0.8755374793979354"
"steam_games_22315","wikidata_33069","0.8755374793979354"
"steam_games_22316","wikidata_33067","0.8755374793979354"
"steam_games_22314","wikidata_33068","0.8755374793979354"
"steam_games_1867","wikidata_32662","0.9994382665806348"
"steam_games_1867","wikidata_32654","0.9994382665806348"
"steam_games_1867","wikidata_32658","0.9994382665806348"
"steam_games_1866","wikidata_32661","0.9994382665806348"
"steam_games_1866","wikidata_32653","0.9994382665806348"
"steam_games_1866","wikidata_32657","0.9994382665806348"
"steam_games_1866","wikidata_32845","0.8530988366637551"
"steam_games_1868","wikidata_32660","0.9994382665806348"
"steam_games_1868","wikidata_32652","0.9994382665806348"
"steam_games_1868","wikidata_32656","0.9994382665806348"
"steam_games_1418","wikidata_32983","0.9994382665806348"
"steam_games_21215","wikidata_33065","0.8755374793979354"
"steam_games_21216","wikidata_33066","0.8755374793979354"
"steam_games_14633","wikidata_32955","0.9994382665806348"
"steam_games_13999","wikidata_24419","0.9964581523718435"
"steam_games_25535","wikidata_33056","0.8755374793979354"
"steam_games_19","wikidata_6262","0.9994382665806348"
"steam_games_19","wikidata_2432","0.9978351099955889"
"steam_games_20","wikidata_6261","0.9994382665806348"
"steam_games_20","wikidata_2434","0.9978351099955889"
"steam_games_21","wikidata_2594","0.9978351099955889"
"steam_games_28","wikidata_17338","0.9994382665806348"
"steam_games_28","wikidata_17349","0.9987396966988178"
"steam_games_28","wikidata_17334","0.9093977479186686"
"steam_games_29","wikidata_17340","0.9994382665806348"
"steam_games_29","wikidata_17350","0.9987396966988178"
"steam_games_29","wikidata_17335","0.9093977479186686"
"steam_games_30","wikidata_17337","0.9994382665806348"
"steam_games_30","wikidata_17348","0.9987396966988178"
"steam_games_30","wikidata_17333","0.9093977479186686"
"steam_games_42","wikidata_17348","0.9994382665806348"
"steam_games_41","wikidata_17350","0.9994382665806348"
"steam_games_40","wikidata_17349","0.9994382665806348"
"steam_games_49","wikidata_17329","0.9994382665806348"
"steam_games_51","wikidata_17328","0.9994382665806348"
"steam_games_50","wikidata_17331","0.9994382665806348"
"steam_games_57","wikidata_17347","0.9994382665806348"
"steam_games_56","wikidata_17345","0.9994382665806348"
"steam_games_55","wikidata_17343","0.9994382665806348"
"steam_games_45","wikidata_17333","0.9994382665806348"
"steam_games_44","wikidata_17335","0.9994382665806348"
"steam_games_43","wikidata_17334","0.9994382665806348"
"steam_games_1050","wikidata_19817","0.9994382665806348"
"steam_games_21175","wikidata_28450","0.9939357457421565"
"steam_games_10236","wikidata_26911","0.9540829468298022"
"steam_games_10235","wikidata_26913","0.9540829468298022"
"steam_games_10234","wikidata_26912","0.9540829468298022"
"steam_games_121","wikidata_28347","0.8755374793979354"
"steam_games_32548","wikidata_35962","0.8755374793979354"
"steam_games_338","wikidata_28338","0.8755374793979354"
"steam_games_630","wikidata_679","0.8421957437806512"
"steam_games_708","wikidata_678","0.9994382665806348"
"steam_games_707","wikidata_679","0.9994382665806348"
"steam_games_472","wikidata_216","0.8473564515967092"
"steam_games_268","wikidata_16151","0.8755374793979354"
"steam_games_1665","wikidata_29879","0.9996012474030023"
"steam_games_1664","wikidata_29877","0.9996012474030023"
"steam_games_269","wikidata_25624","0.9964581523718435"
"steam_games_272","wikidata_9741","0.8755374793979354"
"steam_games_1222","wikidata_18702","0.9994382665806348"
"steam_games_27336","wikidata_23182","0.8755374793979354"
"steam_games_2217","wikidata_18717","0.9996595863842695"
"steam_games_2217","wikidata_18712","0.9995627049295988"
"steam_games_434","wikidata_9395","0.9995767586299835"
"steam_games_3341","wikidata_22674","0.9780156745356843"
"steam_games_3342","wikidata_22675","0.9780156745356843"
"steam_games_3343","wikidata_22673","0.9780156745356843"
"steam_games_11049","wikidata_26249","0.9994382665806348"
"steam_games_11048","wikidata_26251","0.9994382665806348"
"steam_games_11047","wikidata_26250","0.9994382665806348"
"steam_games_4027","wikidata_19710","0.9756309559245832"
"steam_games_4027","wikidata_19906","0.8292254483290097"
"steam_games_4027","wikidata_19902","0.9994382665806348"
"steam_games_2033","wikidata_19710","0.9994382665806348"
"steam_games_2033","wikidata_19906","0.8790141813352259"
"steam_games_2033","wikidata_19902","0.9756309559245832"
"steam_games_8869","wikidata_19710","0.8790141813352259"
"steam_games_8869","wikidata_19906","0.9994382665806348"
"steam_games_8869","wikidata_19902","0.8292254483290097"
"steam_games_11453","wikidata_19710","0.7296300490775871"
"steam_games_11453","wikidata_19906","0.9536258369374401"
"steam_games_11453","wikidata_19902","0.7647978635349328"
"steam_games_2757","wikidata_31400","0.9897984213650783"
"steam_games_9962","wikidata_32979","0.9994382665806348"
"steam_games_9961","wikidata_32981","0.9994382665806348"
"steam_games_9960","wikidata_32980","0.9994382665806348"
"steam_games_238","wikidata_20125","0.9069153777969975"
"steam_games_238","wikidata_20120","0.9069153777969975"
"steam_games_239","wikidata_20126","0.9069153777969975"
"steam_games_239","wikidata_20121","0.9069153777969975"
"steam_games_778","wikidata_19234","0.9975744202420397"
"steam_games_19889","wikidata_3071","0.921659219855301"
"steam_games_19889","wikidata_3063","0.908352482734506"
"steam_games_9073","wikidata_22723","0.9994382665806348"
"steam_games_3314","wikidata_991","0.8755374793979354"
"steam_games_3312","wikidata_992","0.8755374793979354"
"steam_games_3313","wikidata_993","0.8755374793979354"
"steam_games_5085","wikidata_35225","0.8755374793979354"
"steam_games_39975","wikidata_24512","0.9994382665806348"
"steam_games_421","wikidata_3044","0.9964581523718435"
"steam_games_1760","wikidata_2554","0.8755374793979354"
"steam_games_14623","wikidata_34958","0.9994382665806348"
"steam_games_271","wikidata_2521","0.9964581523718435"
"steam_games_311","wikidata_30839","0.9994382665806348"
"steam_games_2283","wikidata_17856","0.9996595863842695"
"steam_games_2067","wikidata_25713","0.8755374793979354"
"steam_games_739","wikidata_34304","0.9994382665806348"
"steam_games_33574","wikidata_33944","0.9994382665806348"
"steam_games_10007","wikidata_16174","0.8755374793979354"
"steam_games_10009","wikidata_16173","0.8755374793979354"
"steam_games_10008","wikidata_16175","0.8755374793979354"
"steam_games_22455","wikidata_19820","0.9964581523718435"
"steam_games_668","wikidata_4745","0.9996012474030023"
"steam_games_668","wikidata_4746","0.9996012474030023"
"steam_games_159","wikidata_731","0.7380601837857124"
"steam_games_1306","wikidata_731","0.7154194013941235"
"steam_games_709","wikidata_731","0.8269385749946819"
"steam_games_82","wikidata_5274","0.9994382665806348"
"steam_games_81","wikidata_5273","0.9994382665806348"
"steam_games_80","wikidata_5275","0.9994382665806348"
"steam_games_1501","wikidata_6109","0.9995478567028605"
"steam_games_7897","wikidata_4485","0.9994382665806348"
"steam_games_7897","wikidata_4491","0.9853282767463483"
"steam_games_705","wikidata_6273","0.8755374793979354"
"steam_games_705","wikidata_6274","0.8755374793979354"
"steam_games_10595","wikidata_35907","0.9994382665806348"
"steam_games_10595","wikidata_35905","0.9995388469644497"
"steam_games_10594","wikidata_35906","0.9994382665806348"
"steam_games_10594","wikidata_35904","0.9995388469644497"
"steam_games_9793","wikidata_15649","0.9994382665806348"
"steam_games_9794","wikidata_15650","0.9994382665806348"
"steam_games_1950","wikidata_15670","0.9994382665806348"
"steam_games_1561","wikidata_15751","0.9994382665806348"
"steam_games_64","wikidata_15390","0.9964581523718435"
"steam_games_63","wikidata_29040","0.9194038120879157"
"steam_games_63","wikidata_15389","0.9964581523718435"
"steam_games_61","wikidata_29040","0.9994382665806348"
"steam_games_65","wikidata_15392","0.9964581523718435"
"steam_games_1972","wikidata_18130","0.9976399088385407"
"steam_games_1972","wikidata_18120","0.9976399088385407"
"steam_games_5952","wikidata_21530","0.9996360743710465"
"steam_games_5952","wikidata_21521","0.9996360743710465"
"steam_games_606","wikidata_15705","0.9996471860200857"
"steam_games_606","wikidata_15710","0.9996471860200857"
"steam_games_20846","wikidata_31310","0.9055977489039447"
"steam_games_20846","wikidata_31306","0.9055977489039447"
"steam_games_32724","wikidata_24444","0.9995767586299835"
"steam_games_611","wikidata_4716","0.982418127839282"
"steam_games_611","wikidata_4726","0.9996414816251321"
"steam_games_611","wikidata_4660","0.982418127839282"
"steam_games_611","wikidata_4630","0.978087100295487"
"steam_games_611","wikidata_4620","0.9996414816251321"
"steam_games_796","wikidata_18762","0.9973133124097746"
"steam_games_796","wikidata_18769","0.9973133124097746"
"steam_games_8368","wikidata_33378","0.9995943556717913"
"steam_games_8369","wikidata_33380","0.9995943556717913"
"steam_games_2962","wikidata_17399","0.9996595863842695"
"steam_games_2962","wikidata_17386","0.9996595863842695"
"steam_games_2961","wikidata_17397","0.9996595863842695"
"steam_games_2961","wikidata_17384","0.9996595863842695"
"steam_games_23823","wikidata_17409","0.9995586300090312"
"steam_games_23823","wikidata_17414","0.9995586300090312"
"steam_games_23822","wikidata_17408","0.9995586300090312"
"steam_games_23822","wikidata_17413","0.9995586300090312"
"steam_games_3783","wikidata_31477","0.9997275312738227"
"steam_games_3783","wikidata_31468","0.9997275312738227"
"steam_games_18706","wikidata_35435","0.981478078369868"
"steam_games_28882","wikidata_35435","0.9994382665806348"
"steam_games_2263","wikidata_21305","0.8755374793979354"
"steam_games_2264","wikidata_21308","0.8755374793979354"
"steam_games_2241","wikidata_25403","0.8755374793979354"
"steam_games_5826","wikidata_18254","0.8901667003780509"
"steam_games_5826","wikidata_18248","0.8901667003780509"
"steam_games_795","wikidata_321","0.8055467637859894"
"steam_games_795","wikidata_329","0.8055467637859894"
"steam_games_795","wikidata_337","0.8560947574143988"
"steam_games_795","wikidata_28810","0.9892174908087776"
"steam_games_794","wikidata_342","0.8055467637859894"
"steam_games_794","wikidata_326","0.8055467637859894"
"steam_games_794","wikidata_334","0.8560947574143988"
"steam_games_800","wikidata_376","0.9996640442874167"
"steam_games_29792","wikidata_9551","0.9236974364874365"
"steam_games_29794","wikidata_23390","0.9172311678484851"
"steam_games_32264","wikidata_29811","0.9995880177586325"
"steam_games_11336","wikidata_19348","0.8755374793979354"
"steam_games_12244","wikidata_35078","0.8421957437806512"
"steam_games_12244","wikidata_35083","0.8421957437806512"
"steam_games_12245","wikidata_35087","0.8421957437806512"
"steam_games_12245","wikidata_35085","0.8421957437806512"
"steam_games_12246","wikidata_35077","0.8421957437806512"
"steam_games_12246","wikidata_35082","0.8421957437806512"
"steam_games_19569","wikidata_35101","0.9994382665806348"
"steam_games_19569","wikidata_35096","0.9994382665806348"
"steam_games_19568","wikidata_35103","0.9994382665806348"
"steam_games_19568","wikidata_35098","0.9994382665806348"
"steam_games_19567","wikidata_35102","0.9994382665806348"
"steam_games_19567","wikidata_35097","0.9994382665806348"
"steam_games_6282","wikidata_35078","0.9745970306086504"
"steam_games_6282","wikidata_35083","0.9745970306086504"
"steam_games_6284","wikidata_35077","0.9745970306086504"
"steam_games_6284","wikidata_35082","0.9745970306086504"
"steam_games_6283","wikidata_35087","0.9745970306086504"
"steam_games_6283","wikidata_35085","0.9745970306086504"
"steam_games_18411","wikidata_35092","0.9994382665806348"
"steam_games_21657","wikidata_4898","0.8755374793979354"
"steam_games_7896","wikidata_13902","0.9841600648018438"
"steam_games_34936","wikidata_10822","0.9404950279907606"
"steam_games_30746","wikidata_10822","0.9994382665806348"
"steam_games_35433","wikidata_10822","0.8973483459574472"
"steam_games_20587","wikidata_16782","0.9994382665806348"
"steam_games_20589","wikidata_16781","0.9994382665806348"
"steam_games_20588","wikidata_16783","0.9994382665806348"
"steam_games_29942","wikidata_24498","0.9994382665806348"
"steam_games_13425","wikidata_30059","0.9994382665806348"
"steam_games_13424","wikidata_30058","0.9994382665806348"
"steam_games_3105","wikidata_4582","0.9964581523718435"
"steam_games_3106","wikidata_4580","0.9964581523718435"
"steam_games_3104","wikidata_4581","0.9964581523718435"
"steam_games_2895","wikidata_32115","0.9994382665806348"
"steam_games_2895","wikidata_34879","0.7579883739784374"
"steam_games_3695","wikidata_32115","0.808110542116199"
"steam_games_3695","wikidata_34879","0.9995943556717913"
"steam_games_1102","wikidata_21486","0.9996471860200857"
"steam_games_262","wikidata_19067","0.9971274889538994"
"steam_games_13845","wikidata_26812","0.9994382665806348"
"steam_games_13054","wikidata_24451","0.9994382665806348"
"steam_games_504","wikidata_7440","0.8755374793979354"
"steam_games_505","wikidata_7441","0.8755374793979354"
"steam_games_501","wikidata_7490","0.9964581523718435"
"steam_games_502","wikidata_7487","0.9964581523718435"
"steam_games_509","wikidata_5775","0.9994382665806348"
"steam_games_3856","wikidata_24354","0.9964581523718435"
"steam_games_3858","wikidata_24353","0.9964581523718435"
"steam_games_410","wikidata_20065","0.8755374793979354"
"steam_games_1023","wikidata_34029","0.9994382665806348"
"steam_games_3440","wikidata_23159","0.8755374793979354"
"steam_games_3440","wikidata_23157","0.8898717716655183"
"steam_games_541","wikidata_16176","0.9964581523718435"
"steam_games_687","wikidata_16183","0.9994382665806348"
"steam_games_8885","wikidata_18536","0.9994382665806348"
"steam_games_8886","wikidata_18537","0.9994382665806348"
"steam_games_1194","wikidata_18532","0.9964581523718435"
"steam_games_1193","wikidata_18530","0.9964581523718435"
"steam_games_18269","wikidata_16803","0.9994382665806348"
"steam_games_5182","wikidata_28248","0.9375705695777963"
"steam_games_5181","wikidata_28247","0.9375705695777963"
"steam_games_5183","wikidata_28249","0.9375705695777963"
"steam_games_12082","wikidata_28249","0.7884373409629218"
"steam_games_12083","wikidata_28247","0.7884373409629218"
"steam_games_12083","wikidata_28140","0.8755374793979354"
"steam_games_12084","wikidata_28248","0.7884373409629218"
"steam_games_12085","wikidata_28249","0.7884373409629218"
"steam_games_12080","wikidata_28247","0.7884373409629218"
"steam_games_12081","wikidata_28248","0.7884373409629218"
"steam_games_12086","wikidata_28045","0.8755374793979354"
"steam_games_12086","wikidata_28247","0.7884373409629218"
"steam_games_411","wikidata_15735","0.8755374793979354"
"steam_games_412","wikidata_15745","0.8755374793979354"
"steam_games_1694","wikidata_15734","0.9994382665806348"
"steam_games_961","wikidata_27905","0.8755374793979354"
"steam_games_962","wikidata_27912","0.8755374793979354"
"steam_games_9838","wikidata_26200","0.9901410040903443"
"steam_games_29726","wikidata_10697","0.7779547662629627"
"steam_games_29726","wikidata_26263","0.9453912280383157"
"steam_games_35629","wikidata_12668","0.8755374793979354"
"steam_games_776","wikidata_22632","0.9994382665806348"
"steam_games_2548","wikidata_18673","0.9964581523718435"
"steam_games_2548","wikidata_14139","0.849465632376582"
"steam_games_5811","wikidata_14169","0.9464850608146711"
"steam_games_5811","wikidata_14164","0.9994382665806348"
"steam_games_5811","wikidata_14159","0.9937799910356473"
"steam_games_4618","wikidata_34128","0.9581711123229548"
"steam_games_4617","wikidata_34131","0.9581711123229548"
"steam_games_4616","wikidata_34129","0.9581711123229548"
"steam_games_28591","wikidata_21981","0.991798829146675"
"steam_games_28646","wikidata_21987","0.9630685713262634"
"steam_games_28646","wikidata_21988","0.9719075278898568"
"steam_games_28646","wikidata_21997","0.9669902540208016"
"steam_games_28646","wikidata_21998","0.993404299837214"
"steam_games_28645","wikidata_21987","0.9849209750797382"
"steam_games_28645","wikidata_21988","0.8454970452225274"
"steam_games_28645","wikidata_21997","0.9866727625122775"
"steam_games_28645","wikidata_21998","0.953047039043528"
"steam_games_684","wikidata_16342","0.9780156745356843"
"steam_games_684","wikidata_16370","0.7941990653160794"
"steam_games_684","wikidata_16369","0.9844239590488766"
"steam_games_1157","wikidata_16373","0.7311455053025325"
"steam_games_1157","wikidata_16370","0.9932450934729261"
"steam_games_1157","wikidata_16369","0.9996360743710465"
"steam_games_301","wikidata_5800","0.7254667444409586"
"steam_games_1309","wikidata_5800","0.9994382665806348"
"steam_games_1307","wikidata_5800","0.8738263500816619"
"steam_games_10254","wikidata_18060","0.9994382665806348"
"steam_games_14064","wikidata_18060","0.7231625871893053"
"steam_games_12433","wikidata_26247","0.9964581523718435"
"steam_games_2656","wikidata_8090","0.8272488321681561"
"steam_games_2655","wikidata_8089","0.8272488321681561"
"steam_games_1281","wikidata_6096","0.8421957437806512"
"steam_games_1281","wikidata_6093","0.8111529496337859"
"steam_games_1281","wikidata_6092","0.8689600557035881"
"steam_games_1281","wikidata_28323","0.9994382665806348"
"steam_games_1281","wikidata_6094","0.7547187170161149"
"steam_games_537","wikidata_20736","0.9977729637309262"
"steam_games_2421","wikidata_35976","0.9994382665806348"
"steam_games_2422","wikidata_35974","0.9994382665806348"
"steam_games_2420","wikidata_35975","0.9994382665806348"
"steam_games_15824","wikidata_15361","0.9994382665806348"
"steam_games_15823","wikidata_15363","0.9994382665806348"
"steam_games_15822","wikidata_15362","0.9994382665806348"
"steam_games_11108","wikidata_32995","0.9964581523718435"
"steam_games_865","wikidata_35107","0.9994382665806348"
"steam_games_1019","wikidata_19291","0.9994382665806348"
"steam_games_14709","wikidata_17106","0.9994382665806348"
"steam_games_10026","wikidata_13760","0.8131236610344573"
"steam_games_10025","wikidata_13758","0.8131236610344573"
"steam_games_23544","wikidata_13813","0.9994382665806348"
"steam_games_2222","wikidata_8629","0.9994382665806348"
"steam_games_20574","wikidata_33028","0.9994382665806348"
"steam_games_22214","wikidata_35928","0.9994382665806348"
"steam_games_22215","wikidata_35926","0.9994382665806348"
"steam_games_22213","wikidata_35927","0.9994382665806348"
"steam_games_18633","wikidata_33497","0.983783760681375"
"steam_games_6301","wikidata_35924","0.9964581523718435"
"steam_games_6300","wikidata_35923","0.9964581523718435"
"steam_games_6302","wikidata_35922","0.9964581523718435"
"steam_games_5689","wikidata_16937","0.9994382665806348"
"steam_games_1291","wikidata_20390","0.9964581523718435"
"steam_games_16138","wikidata_19983","0.8755374793979354"
"steam_games_16137","wikidata_19982","0.8755374793979354"
"steam_games_12464","wikidata_22013","0.9996595863842695"
"steam_games_12991","wikidata_35938","0.9994382665806348"
"steam_games_520","wikidata_24897","0.9964581523718435"
"steam_games_521","wikidata_24898","0.9964581523718435"
"steam_games_4356","wikidata_24214","0.9968161902518313"
"steam_games_4356","wikidata_24208","0.9974753767169972"
"steam_games_8834","wikidata_24214","0.9719075278898568"
"steam_games_8834","wikidata_24208","0.9761761848238922"
"steam_games_8834","wikidata_11724","0.8755374793979354"
"steam_games_7006","wikidata_16807","0.9994382665806348"
"steam_games_13622","wikidata_16668","0.903814933160895"
"steam_games_1205","wikidata_16672","0.9995416816186623"
"steam_games_1204","wikidata_16762","0.8966891415768934"
"steam_games_1207","wikidata_16668","0.8806923456393922"
"steam_games_1207","wikidata_16655","0.8960792336516623"
"steam_games_1206","wikidata_16764","0.894443134651433"
"steam_games_1208","wikidata_16658","0.9811144949019229"
"steam_games_3499","wikidata_16758","0.99180723966537"
"steam_games_36754","wikidata_16567","0.8755374793979354"
"steam_games_36755","wikidata_16569","0.8755374793979354"
"steam_games_36756","wikidata_16570","0.8755374793979354"
"steam_games_36757","wikidata_16571","0.8755374793979354"
"steam_games_1298","wikidata_16507","0.9012684658029234"
"steam_games_1298","wikidata_16506","0.8755374793979354"
"steam_games_7747","wikidata_16599","0.8755374793979354"
"steam_games_173","wikidata_16796","0.999544680018272"
"steam_games_171","wikidata_16768","0.9996837616340202"
"steam_games_29112","wikidata_16810","0.9994382665806348"
"steam_games_8757","wikidata_16633","0.8755374793979354"
"steam_games_1837","wikidata_16510","0.8755374793979354"
"steam_games_1836","wikidata_16509","0.8755374793979354"
"steam_games_25358","wikidata_4670","0.8755374793979354"
"steam_games_9353","wikidata_27540","0.9994382665806348"
"steam_games_1910","wikidata_4557","0.9995336182004595"
"steam_games_1909","wikidata_4556","0.9995336182004595"
"steam_games_36011","wikidata_27249","0.9994382665806348"
"steam_games_2526","wikidata_21492","0.9724234508607683"
"steam_games_2526","wikidata_2962","0.7065081462332273"
"steam_games_4028","wikidata_21492","0.8966411872802869"
"steam_games_18966","wikidata_21160","0.7298549983629482"
"steam_games_18966","wikidata_21159","0.7298549983629482"
"steam_games_8158","wikidata_21160","0.9994382665806348"
"steam_games_8158","wikidata_21159","0.9994382665806348"
"steam_games_16322","wikidata_21082","0.8755374793979354"
"steam_games_20824","wikidata_10754","0.9994382665806348"
"steam_games_20824","wikidata_32331","0.9153297721494941"
"steam_games_7065","wikidata_34672","0.9964581523718435"
"steam_games_7066","wikidata_34673","0.9964581523718435"
"steam_games_7067","wikidata_34671","0.9964581523718435"
"steam_games_8539","wikidata_5863","0.9310060511283152"
"steam_games_35656","wikidata_18447","0.9994382665806348"
"steam_games_35655","wikidata_18446","0.9994382665806348"
"steam_games_5427","wikidata_25822","0.8755374793979354"
"steam_games_24924","wikidata_24458","0.9964581523718435"
"steam_games_17961","wikidata_24713","0.9996471860200857"
"steam_games_17961","wikidata_24722","0.9997784215370004"
"steam_games_17961","wikidata_24719","0.9997784215370004"
"steam_games_17961","wikidata_24716","0.9997784215370004"
"steam_games_5651","wikidata_26207","0.9964581523718435"
"steam_games_900","wikidata_35253","0.9994382665806348"
"steam_games_2136","wikidata_26711","0.9469204949404288"
"steam_games_4143","wikidata_31155","0.9994382665806348"
"steam_games_9485","wikidata_10450","0.7418766012549491"
"steam_games_9485","wikidata_10446","0.7418766012549491"
"steam_games_9484","wikidata_10449","0.7418766012549491"
"steam_games_9484","wikidata_10445","0.7418766012549491"
"steam_games_9486","wikidata_10448","0.7418766012549491"
"steam_games_9486","wikidata_10444","0.7418766012549491"
"steam_games_28235","wikidata_34715","0.9994382665806348"
"steam_games_1228","wikidata_5748","0.9964581523718435"
"steam_games_9487","wikidata_26975","0.8755374793979354"
"steam_games_29791","wikidata_24479","0.9994382665806348"
"steam_games_494","wikidata_32259","0.9022303515905695"
"steam_games_494","wikidata_4666","0.9236974364874365"
"steam_games_496","wikidata_33927","0.8755374793979354"
"steam_games_4774","wikidata_34675","0.8755374793979354"
"steam_games_6942","wikidata_28242","0.9995548121764253"
"steam_games_15174","wikidata_15961","0.745033672094984"
"steam_games_15173","wikidata_15960","0.745033672094984"
"steam_games_15175","wikidata_15959","0.745033672094984"
"steam_games_11584","wikidata_15960","0.9994382665806348"
"steam_games_11585","wikidata_15961","0.9994382665806348"
"steam_games_11586","wikidata_15959","0.9994382665806348"
"steam_games_447","wikidata_35316","0.9994382665806348"
"steam_games_446","wikidata_35319","0.9994382665806348"
"steam_games_5466","wikidata_34052","0.8755374793979354"
"steam_games_2092","wikidata_34309","0.9994382665806348"
"steam_games_2093","wikidata_34315","0.9994382665806348"
"steam_games_12300","wikidata_19964","0.9994382665806348"
"steam_games_2691","wikidata_19764","0.9970578752949092"
"steam_games_18701","wikidata_15302","0.9994382665806348"
"steam_games_8667","wikidata_26240","0.9629117531756975"
"steam_games_8668","wikidata_26238","0.9629117531756975"
"steam_games_8666","wikidata_26239","0.9629117531756975"
"steam_games_33835","wikidata_35313","0.9994382665806348"
"steam_games_31910","wikidata_32209","0.9994382665806348"
"steam_games_31908","wikidata_32210","0.9994382665806348"
"steam_games_31909","wikidata_32211","0.9994382665806348"
"steam_games_33116","wikidata_32230","0.8755374793979354"
"steam_games_627","wikidata_31984","0.7903704780686632"
"steam_games_628","wikidata_31985","0.7903704780686632"
"steam_games_629","wikidata_31983","0.7903704780686632"
"steam_games_6991","wikidata_26525","0.9994382665806348"
"steam_games_30793","wikidata_26533","0.970665268701413"
"steam_games_2638","wikidata_30683","0.8141490812059675"
"steam_games_2638","wikidata_30690","0.9964581523718435"
"steam_games_2639","wikidata_30685","0.8141490812059675"
"steam_games_2639","wikidata_30692","0.9964581523718435"
"steam_games_13776","wikidata_30756","0.9996735038906785"
"steam_games_12637","wikidata_26961","0.9994382665806348"
"steam_games_13443","wikidata_34753","0.9994382665806348"
"steam_games_13444","wikidata_34751","0.9994382665806348"
"steam_games_13442","wikidata_34752","0.9994382665806348"
"steam_games_180","wikidata_20663","0.9702210133644006"
"steam_games_180","wikidata_2173","0.9757278553790154"
"steam_games_181","wikidata_20665","0.9702210133644006"
"steam_games_181","wikidata_2175","0.9757278553790154"
"steam_games_53","wikidata_5505","0.8755374793979354"
"steam_games_52","wikidata_5503","0.8755374793979354"
"steam_games_54","wikidata_5502","0.8755374793979354"
"steam_games_69","wikidata_30118","0.8755374793979354"
"steam_games_71","wikidata_30117","0.8755374793979354"
"steam_games_70","wikidata_30115","0.8755374793979354"
"steam_games_11724","wikidata_12395","0.9994382665806348"
"steam_games_19886","wikidata_5663","0.8755374793979354"
"steam_games_22259","wikidata_4454","0.8755374793979354"
"steam_games_15704","wikidata_12047","0.7390550557033966"
"steam_games_1268","wikidata_6051","0.9994382665806348"
"steam_games_2522","wikidata_21322","0.9994382665806348"
"steam_games_2029","wikidata_26691","0.9994382665806348"
"steam_games_10171","wikidata_21325","0.9994382665806348"
"steam_games_10171","wikidata_21328","0.9994382665806348"
"steam_games_6359","wikidata_26705","0.9994382665806348"
"steam_games_26763","wikidata_11956","0.8755374793979354"
"steam_games_37619","wikidata_17997","0.9945335432056737"
"steam_games_29961","wikidata_17997","0.9994382665806348"
"steam_games_1926","wikidata_26707","0.9994382665806348"
"steam_games_1380","wikidata_27656","0.9994382665806348"
"steam_games_464","wikidata_22544","0.9698775691476555"
"steam_games_459","wikidata_34127","0.894958851484123"
"steam_games_457","wikidata_18313","0.8955033924814746"
"steam_games_823","wikidata_22544","0.999526718074238"
"steam_games_277","wikidata_1111","0.9780156745356843"
"steam_games_2542","wikidata_21264","0.9639690536550884"
"steam_games_2543","wikidata_21264","0.9994382665806348"
"steam_games_5152","wikidata_29750","0.8755374793979354"
"steam_games_195","wikidata_1683","0.9964581523718435"
"steam_games_193","wikidata_1684","0.9964581523718435"
"steam_games_194","wikidata_1687","0.9964581523718435"
"steam_games_578","wikidata_34563","0.8755374793979354"
"steam_games_18506","wikidata_17146","0.9994382665806348"
"steam_games_5003","wikidata_35908","0.9995586300090312"
"steam_games_20854","wikidata_24448","0.9994382665806348"
"steam_games_19097","wikidata_13538","0.9380341147738633"
"steam_games_659","wikidata_4507","0.9995767586299835"
"steam_games_659","wikidata_4503","0.9994382665806348"
"steam_games_116","wikidata_35825","0.8755374793979354"
"steam_games_7892","wikidata_5835","0.8755374793979354"
"steam_games_13527","wikidata_9444","0.9994382665806348"
"steam_games_15576","wikidata_5901","0.9994382665806348"
"steam_games_2706","wikidata_26951","0.8755374793979354"
"steam_games_1599","wikidata_4122","0.9994382665806348"
"steam_games_117","wikidata_26984","0.8755374793979354"
"steam_games_110","wikidata_26992","0.9135653960006961"
"steam_games_110","wikidata_26986","0.8755374793979354"
"steam_games_110","wikidata_27002","0.9941627650858618"
"steam_games_110","wikidata_27000","0.9941627650858618"
"steam_games_120","wikidata_27002","0.9994382665806348"
"steam_games_120","wikidata_27000","0.9994382665806348"
"steam_games_4367","wikidata_988","0.9271037006133718"
"steam_games_341","wikidata_18343","0.9994382665806348"
"steam_games_208","wikidata_9758","0.9355943546084696"
"steam_games_320","wikidata_9756","0.9994382665806348"
"steam_games_320","wikidata_9758","0.7946520811885267"
"steam_games_76","wikidata_15647","0.9994382665806348"
"steam_games_1816","wikidata_29159","0.9996360743710465"
"steam_games_467","wikidata_18745","0.8806443208871402"
"steam_games_467","wikidata_18748","0.983557280594964"
"steam_games_8220","wikidata_13242","0.9994382665806348"
"steam_games_16218","wikidata_4335","0.8755374793979354"
"steam_games_34528","wikidata_15358","0.9618363906625089"
"steam_games_36453","wikidata_14053","0.7854443513377256"
"steam_games_3260","wikidata_14436","0.7085040102391085"
"steam_games_2169","wikidata_14546","0.9898175478168837"
"steam_games_12519","wikidata_14571","0.9996463944321008"
"steam_games_12519","wikidata_14567","0.999982004158329"
"steam_games_18338","wikidata_14567","0.859254418801562"
"steam_games_1869","wikidata_14511","0.9994382665806348"
"steam_games_2199","wikidata_14457","0.8907301542775137"
"steam_games_2199","wikidata_14451","0.990269353898788"
"steam_games_4615","wikidata_14457","0.8557561171549148"
"steam_games_590","wikidata_17776","0.8755374793979354"
"steam_games_590","wikidata_17787","0.8088134051865558"
"steam_games_590","wikidata_17784","0.8297603842401597"
"steam_games_590","wikidata_17781","0.994124338567566"
"steam_games_1223","wikidata_17784","0.9996663392849356"
"steam_games_592","wikidata_17768","0.8755374793979354"
"steam_games_2351","wikidata_27572","0.9994382665806348"
"steam_games_2351","wikidata_27575","0.9848290014373534"
"steam_games_2609","wikidata_28818","0.8755374793979354"
"steam_games_15091","wikidata_27545","0.8755374793979354"
"steam_games_15090","wikidata_27547","0.8755374793979354"
"steam_games_15089","wikidata_27546","0.8755374793979354"
"steam_games_79","wikidata_12564","0.999551227975488"
"steam_games_79","wikidata_12561","0.9994382665806348"
"steam_games_78","wikidata_12563","0.9994382665806348"
"steam_games_78","wikidata_12566","0.999551227975488"
"steam_games_77","wikidata_12565","0.999551227975488"
"steam_games_77","wikidata_12562","0.9994382665806348"
"steam_games_334","wikidata_34163","0.8755374793979354"
"steam_games_334","wikidata_34158","0.8755374793979354"
"steam_games_4162","wikidata_16703","0.8755374793979354"
"steam_games_4161","wikidata_16536","0.8755374793979354"
"steam_games_17","wikidata_25884","0.9994382665806348"
"steam_games_16","wikidata_25883","0.9994382665806348"
"steam_games_18","wikidata_25882","0.9994382665806348"
"steam_games_977","wikidata_22642","0.9994382665806348"
"steam_games_977","wikidata_22641","0.9994382665806348"
"steam_games_7918","wikidata_27743","0.9994382665806348"
"steam_games_15667","wikidata_27758","0.9994382665806348"
"steam_games_29451","wikidata_27765","0.9994382665806348"
"steam_games_11191","wikidata_14829","0.8527347350560829"
"steam_games_10909","wikidata_14825","0.9972977941007484"
"steam_games_10908","wikidata_14829","0.9972977941007484"
"steam_games_1650","wikidata_18815","0.9995821701645704"
"steam_games_1294","wikidata_16494","0.8755374793979354"
"steam_games_1295","wikidata_16496","0.8755374793979354"
"steam_games_4078","wikidata_34666","0.9994382665806348"
"steam_games_4077","wikidata_34668","0.9994382665806348"
"steam_games_4076","wikidata_34667","0.9994382665806348"
"steam_games_1737","wikidata_33110","0.998150469604009"
"steam_games_24815","wikidata_19600","0.7311455053025325"
"steam_games_2182","wikidata_33116","0.7311455053025325"
"steam_games_635","wikidata_26049","0.9906266589072051"
"steam_games_9058","wikidata_25176","0.9891989249944362"
"steam_games_17833","wikidata_25176","0.9004675816619044"
"steam_games_17831","wikidata_25176","0.9004675816619044"
"steam_games_17829","wikidata_25176","0.9735575735716199"
"steam_games_11302","wikidata_25176","0.8175369424530919"
"steam_games_5040","wikidata_4374","0.9994382665806348"
"steam_games_16592","wikidata_18440","0.9994382665806348"
"steam_games_14822","wikidata_28173","0.8755374793979354"
"steam_games_27469","wikidata_16847","0.8755374793979354"
"steam_games_5528","wikidata_25032","0.8755374793979354"
"steam_games_5527","wikidata_25030","0.8755374793979354"
"steam_games_637","wikidata_28145","0.9994382665806348"
"steam_games_637","wikidata_31967","0.9110133122022425"
"steam_games_23124","wikidata_10849","0.9994382665806348"
"steam_games_281","wikidata_19100","0.9012684658029234"
"steam_games_9270","wikidata_24239","0.9994382665806348"
"steam_games_12516","wikidata_33785","0.9994382665806348"
"steam_games_12515","wikidata_33784","0.9994382665806348"
"steam_games_3228","wikidata_27916","0.9964581523718435"
"steam_games_5434","wikidata_18937","0.9964581523718435"
"steam_games_589","wikidata_452","0.8327184493410171"
"steam_games_589","wikidata_453","0.8445660801150392"
"steam_games_589","wikidata_454","0.8445660801150392"
"steam_games_589","wikidata_451","0.8680921775545769"
"steam_games_589","wikidata_758","0.9282123478163394"
"steam_games_589","wikidata_747","0.9282123478163394"
"steam_games_214","wikidata_452","0.9994382665806348"
"steam_games_214","wikidata_453","0.9995336182004595"
"steam_games_214","wikidata_454","0.9995336182004595"
"steam_games_214","wikidata_451","0.9995336182004595"
"steam_games_214","wikidata_758","0.9785766208843151"
"steam_games_214","wikidata_747","0.9785766208843151"
"steam_games_28228","wikidata_24602","0.9994382665806348"
"steam_games_28227","wikidata_24601","0.9994382665806348"
"steam_games_28229","wikidata_24603","0.9994382665806348"
"steam_games_2673","wikidata_32952","0.9994382665806348"
"steam_games_348","wikidata_16064","0.9964581523718435"
"steam_games_5382","wikidata_17475","0.9995586300090312"
"steam_games_5382","wikidata_17468","0.9994382665806348"
"steam_games_1777","wikidata_17458","0.9994382665806348"
"steam_games_1227","wikidata_17455","0.9994382665806348"
"steam_games_1226","wikidata_17456","0.9994382665806348"
"steam_games_162","wikidata_19608","0.9964581523718435"
"steam_games_2098","wikidata_17442","0.9964581523718435"
"steam_games_2098","wikidata_17438","0.9964581523718435"
"steam_games_2978","wikidata_17448","0.9994382665806348"
"steam_games_1367","wikidata_25522","0.8755374793979354"
"steam_games_783","wikidata_4774","0.8755374793979354"
"steam_games_1708","wikidata_28025","0.9994382665806348"
"steam_games_1641","wikidata_28284","0.771006153536707"
"steam_games_8014","wikidata_26311","0.9806503171394433"
"steam_games_8013","wikidata_26310","0.9806503171394433"
"steam_games_385","wikidata_16518","0.8755374793979354"
"steam_games_385","wikidata_16499","0.759935833583268"
"steam_games_388","wikidata_3165","0.9994382665806348"
"steam_games_388","wikidata_3167","0.9994382665806348"
"steam_games_388","wikidata_3169","0.9664662775609794"
"steam_games_29017","wikidata_14836","0.9994382665806348"
"steam_games_29017","wikidata_14833","0.9994382665806348"
"steam_games_6120","wikidata_24334","0.9994382665806348"
"steam_games_2524","wikidata_26306","0.9994382665806348"
"steam_games_2525","wikidata_26304","0.9994382665806348"
"steam_games_2523","wikidata_26305","0.9994382665806348"
"steam_games_12502","wikidata_33037","0.9994382665806348"
"steam_games_12503","wikidata_33038","0.9994382665806348"
"steam_games_12504","wikidata_33036","0.9994382665806348"
"steam_games_2456","wikidata_28201","0.9994382665806348"
"steam_games_2456","wikidata_28205","0.8885016802149548"
"steam_games_2455","wikidata_28200","0.9994382665806348"
"steam_games_2455","wikidata_28204","0.8885016802149548"
"steam_games_6550","wikidata_28239","0.9994382665806348"
"steam_games_1060","wikidata_35330","0.9996735038906785"
"steam_games_1161","wikidata_29443","0.9877195495752157"
"steam_games_577","wikidata_26616","0.9973294106748684"
"steam_games_577","wikidata_31143","0.9964581523718435"
"steam_games_197","wikidata_35577","0.929032296939478"
"steam_games_197","wikidata_15","0.9971912593047744"
"steam_games_198","wikidata_35576","0.9983298908378103"
"steam_games_196","wikidata_35576","0.929032296939478"
"steam_games_196","wikidata_14","0.9971912593047744"
"steam_games_331","wikidata_30969","0.9995586300090312"
"steam_games_330","wikidata_30971","0.9995586300090312"
"steam_games_329","wikidata_30970","0.9995586300090312"
"steam_games_526","wikidata_14","0.7974124130697708"
"steam_games_527","wikidata_15","0.7974124130697708"
"steam_games_199","wikidata_35775","0.8755374793979354"
"steam_games_199","wikidata_35783","0.9813382514646143"
"steam_games_1405","wikidata_22695","0.9994382665806348"
"steam_games_2363","wikidata_32775","0.9994382665806348"
"steam_games_2364","wikidata_32776","0.9994382665806348"
"steam_games_5611","wikidata_33768","0.8755374793979354"
"steam_games_1462","wikidata_24857","0.9780156745356843"
"steam_games_3992","wikidata_25653","0.9043854320912416"
"steam_games_186","wikidata_27994","0.8755374793979354"
"steam_games_2634","wikidata_28003","0.9994382665806348"
"steam_games_5893","wikidata_28008","0.9994382665806348"
"steam_games_9424","wikidata_20754","0.9973294106748684"
"steam_games_9424","wikidata_28258","0.9994382665806348"
"steam_games_861","wikidata_20757","0.9624093845855246"
"steam_games_861","wikidata_20748","0.9577411258326384"
"steam_games_861","wikidata_20747","0.9994382665806348"
"steam_games_862","wikidata_20751","0.9994382665806348"
"steam_games_13860","wikidata_26242","0.9994382665806348"
"steam_games_851","wikidata_31259","0.9994382665806348"
"steam_games_1975","wikidata_19129","0.8755374793979354"
"steam_games_18174","wikidata_34709","0.9994382665806348"
"steam_games_6812","wikidata_34649","0.9994382665806348"
"steam_games_21105","wikidata_34706","0.9994382665806348"
"steam_games_15981","wikidata_33220","0.999604923803889"
"steam_games_15981","wikidata_33223","0.999604923803889"
"steam_games_1978","wikidata_21453","0.9996260650869745"
"steam_games_32996","wikidata_35411","0.8755374793979354"
"steam_games_27597","wikidata_30457","0.8359794815725321"
"steam_games_23482","wikidata_30457","0.9994382665806348"
"steam_games_19805","wikidata_19875","0.9994382665806348"
"steam_games_19804","wikidata_19874","0.9994382665806348"
"steam_games_1680","wikidata_28979","0.9696750014278049"
"steam_games_5177","wikidata_22151","0.8755374793979354"
"steam_games_536","wikidata_20695","0.9998102494890293"
"steam_games_644","wikidata_5601","0.9964581523718435"
"steam_games_22240","wikidata_26539","0.8755374793979354"
"steam_games_22238","wikidata_26540","0.8755374793979354"
"steam_games_22239","wikidata_26542","0.8755374793979354"
"steam_games_4851","wikidata_4238","0.9259177931357175"
"steam_games_4851","wikidata_4239","0.894443134651433"
"steam_games_1195","wikidata_25075","0.9994382665806348"
"steam_games_4205","wikidata_35934","0.9994382665806348"
"steam_games_4204","wikidata_35933","0.9994382665806348"
"steam_games_10329","wikidata_34688","0.9994382665806348"
"steam_games_10328","wikidata_34690","0.9994382665806348"
"steam_games_10327","wikidata_34689","0.9994382665806348"
"steam_games_12204","wikidata_27800","0.8755374793979354"
"steam_games_12204","wikidata_27787","0.8755374793979354"
"steam_games_8785","wikidata_32790","0.8755374793979354"
"steam_games_32592","wikidata_27803","0.8755374793979354"
"steam_games_32592","wikidata_27802","0.8755374793979354"
"steam_games_32592","wikidata_27805","0.7280843476557145"
"steam_games_1870","wikidata_21796","0.9994382665806348"
"steam_games_1870","wikidata_21791","0.9994382665806348"
"steam_games_1511","wikidata_24644","0.8755374793979354"
"steam_games_1510","wikidata_24643","0.8755374793979354"
"steam_games_1153","wikidata_28439","0.9994382665806348"
"steam_games_15024","wikidata_27552","0.8755374793979354"
"steam_games_15025","wikidata_27553","0.8755374793979354"
"steam_games_6811","wikidata_6044","0.8237520154775099"
"steam_games_31806","wikidata_1168","0.9003731012339485"
"steam_games_31806","wikidata_34","0.9207017979784731"
"steam_games_243","wikidata_768","0.9299784808605905"
"steam_games_243","wikidata_770","0.9299784808605905"
"steam_games_241","wikidata_26448","0.9331760235648807"
"steam_games_241","wikidata_1153","0.9331760235648807"
"steam_games_242","wikidata_769","0.9299784808605905"
"steam_games_242","wikidata_767","0.9299784808605905"
"steam_games_240","wikidata_26450","0.9331760235648807"
"steam_games_240","wikidata_1152","0.9331760235648807"
"steam_games_786","wikidata_516","0.8930477876690474"
"steam_games_786","wikidata_517","0.908352482734506"
"steam_games_1849","wikidata_31412","0.9236974364874365"
"steam_games_1849","wikidata_29869","0.937661857564893"
"steam_games_1849","wikidata_29861","0.9236974364874365"
"steam_games_1849","wikidata_29857","0.9156847265384966"
"steam_games_1849","wikidata_29853","0.9069153777969975"
"steam_games_1849","wikidata_29873","0.9156847265384966"
"steam_games_1848","wikidata_31414","0.9236974364874365"
"steam_games_1848","wikidata_29863","0.9236974364874365"
"steam_games_1848","wikidata_29859","0.9156847265384966"
"steam_games_1848","wikidata_29855","0.9069153777969975"
"steam_games_1848","wikidata_29875","0.9156847265384966"
"steam_games_1848","wikidata_29871","0.937661857564893"
"steam_games_1847","wikidata_31413","0.9236974364874365"
"steam_games_1847","wikidata_29862","0.9236974364874365"
"steam_games_1847","wikidata_29858","0.9156847265384966"
"steam_games_1847","wikidata_29854","0.9069153777969975"
"steam_games_1847","wikidata_29874","0.9156847265384966"
"steam_games_1847","wikidata_29870","0.937661857564893"
"steam_games_237","wikidata_20790","0.9168337177219555"
"steam_games_19873","wikidata_29587","0.8282380421885238"
"steam_games_19873","wikidata_29585","0.8282380421885238"
"steam_games_19873","wikidata_29583","0.8282380421885238"
"steam_games_19873","wikidata_29579","0.912586207604027"
"steam_games_782","wikidata_17910","0.9253443669669378"
"steam_games_799","wikidata_16867","0.9996127905996256"
"steam_games_799","wikidata_16851","0.8722291749128993"
"steam_games_6364","wikidata_24337","0.8755374793979354"
"steam_games_6419","wikidata_24202","0.9994382665806348"
"steam_games_6419","wikidata_24188","0.9994382665806348"
"steam_games_6418","wikidata_24204","0.9994382665806348"
"steam_games_6418","wikidata_24190","0.9994382665806348"
"steam_games_6417","wikidata_24203","0.9994382665806348"
"steam_games_6417","wikidata_24189","0.9994382665806348"
"steam_games_9657","wikidata_23238","0.9069153777969975"
"steam_games_7556","wikidata_27769","0.8755374793979354"
"steam_games_7555","wikidata_27768","0.8755374793979354"
"steam_games_3008","wikidata_19835","0.9994382665806348"
"steam_games_33312","wikidata_24560","0.9994382665806348"
"steam_games_33311","wikidata_24514","0.9994382665806348"
"steam_games_18408","wikidata_24412","0.9994382665806348"
"steam_games_26682","wikidata_24492","0.9964581523718435"
"steam_games_15058","wikidata_24626","0.8755374793979354"
"steam_games_344","wikidata_22805","0.8755374793979354"
"steam_games_999","wikidata_22917","0.9994382665806348"
"steam_games_1969","wikidata_24109","0.9780156745356843"
"steam_games_1968","wikidata_24111","0.9780156745356843"
"steam_games_1967","wikidata_24110","0.9780156745356843"
"steam_games_8948","wikidata_24541","0.9994382665806348"
"steam_games_5603","wikidata_24461","0.9994382665806348"
"steam_games_2179","wikidata_22784","0.9994382665806348"
"steam_games_2180","wikidata_22785","0.9994382665806348"
"steam_games_2181","wikidata_22783","0.9994382665806348"
"steam_games_2256","wikidata_24414","0.9994382665806348"
"steam_games_23187","wikidata_24482","0.9994382665806348"
"steam_games_7259","wikidata_24509","0.9203200044541155"
"steam_games_7262","wikidata_24509","0.7168306946499412"
"steam_games_7263","wikidata_24510","0.7168306946499412"
"steam_games_7264","wikidata_24508","0.7168306946499412"
"steam_games_7260","wikidata_24510","0.9203200044541155"
"steam_games_7261","wikidata_24508","0.9203200044541155"
"steam_games_6955","wikidata_24510","0.9994382665806348"
"steam_games_6956","wikidata_24508","0.9994382665806348"
"steam_games_6954","wikidata_24509","0.9994382665806348"
"steam_games_5955","wikidata_27773","0.8755374793979354"
"steam_games_5954","wikidata_27775","0.8755374793979354"
"steam_games_5953","wikidata_27774","0.8755374793979354"
"steam_games_5974","wikidata_15958","0.8558828915732265"
"steam_games_26098","wikidata_24590","0.8755374793979354"
"steam_games_3855","wikidata_24262","0.9964581523718435"
"steam_games_28644","wikidata_24454","0.9994382665806348"
"steam_games_8186","wikidata_24309","0.8755374793979354"
"steam_games_2804","wikidata_24231","0.9994382665806348"
"steam_games_2804","wikidata_24310","0.808110542116199"
"steam_games_711","wikidata_23356","0.9452263849444283"
"steam_games_1382","wikidata_24086","0.9994382665806348"
"steam_games_21918","wikidata_24505","0.9994382665806348"
"steam_games_6048","wikidata_24310","0.9994382665806348"
"steam_games_2539","wikidata_24563","0.9994382665806348"
"steam_games_2540","wikidata_24564","0.9994382665806348"
"steam_games_22413","wikidata_24569","0.9994382665806348"
"steam_games_1692","wikidata_23127","0.9964581523718435"
"steam_games_1692","wikidata_23131","0.9435575497937301"
"steam_games_1691","wikidata_23126","0.9964581523718435"
"steam_games_1691","wikidata_23130","0.9435575497937301"
"steam_games_3027","wikidata_24234","0.9936507213824379"
"steam_games_1598","wikidata_24600","0.8755374793979354"
"steam_games_1597","wikidata_24599","0.8755374793979354"
"steam_games_22711","wikidata_24588","0.9964581523718435"
"steam_games_8333","wikidata_24968","0.9994382665806348"
"steam_games_1322","wikidata_25891","0.9994382665806348"
"steam_games_1322","wikidata_25892","0.9994382665806348"
"steam_games_1524","wikidata_22302","0.9994382665806348"
"steam_games_1524","wikidata_22297","0.9994382665806348"
"steam_games_1526","wikidata_22301","0.9994382665806348"
"steam_games_1526","wikidata_22296","0.9994382665806348"
"steam_games_1525","wikidata_22304","0.9994382665806348"
"steam_games_1525","wikidata_22299","0.9994382665806348"
"steam_games_10819","wikidata_13274","0.9780156745356843"
"steam_games_1948","wikidata_18986","0.9994382665806348"
"steam_games_1948","wikidata_18989","0.995760660729798"
"steam_games_3479","wikidata_19723","0.9994382665806348"
"steam_games_3480","wikidata_19724","0.9994382665806348"
"steam_games_60","wikidata_35337","0.9994382665806348"
"steam_games_59","wikidata_35340","0.9994382665806348"
"steam_games_58","wikidata_35338","0.9994382665806348"
"steam_games_4","wikidata_35349","0.9994382665806348"
"steam_games_6","wikidata_35348","0.9994382665806348"
"steam_games_5","wikidata_35347","0.9994382665806348"
"steam_games_11090","wikidata_30023","0.9780156745356843"
"steam_games_18668","wikidata_15356","0.9994382665806348"
"steam_games_26200","wikidata_30017","0.9994382665806348"
"steam_games_9609","wikidata_8134","0.9994382665806348"
"steam_games_9611","wikidata_8135","0.9994382665806348"
"steam_games_366","wikidata_26898","0.9884174974858531"
"steam_games_366","wikidata_26895","0.9884174974858531"
"steam_games_30678","wikidata_19292","0.8755374793979354"
"steam_games_18425","wikidata_24490","0.9994382665806348"
"steam_games_27124","wikidata_11742","0.8755374793979354"
"steam_games_1540","wikidata_27714","0.8755374793979354"
"steam_games_1541","wikidata_27715","0.8755374793979354"
"steam_games_30117","wikidata_19949","0.8980239469749663"
"steam_games_621","wikidata_21630","0.9974402060770291"
"steam_games_478","wikidata_18552","0.8751893067643991"
"steam_games_478","wikidata_18548","0.9201087922471256"
"steam_games_478","wikidata_30507","0.7673058284429933"
"steam_games_478","wikidata_30504","0.7155396370936385"
"steam_games_478","wikidata_30491","0.9012684658029234"
"steam_games_478","wikidata_30497","0.7430311105242949"
"steam_games_478","wikidata_30499","0.7673058284429933"
"steam_games_14852","wikidata_30507","0.7376850308409675"
"steam_games_14852","wikidata_30491","0.7673058284429933"
"steam_games_14852","wikidata_30497","0.9995336182004595"
"steam_games_14852","wikidata_30499","0.9995336182004595"
"steam_games_1960","wikidata_30505","0.9676128860442489"
"steam_games_1960","wikidata_30504","0.9722385504928243"
"steam_games_1960","wikidata_30485","0.9995207470481573"
"steam_games_469","wikidata_10467","0.9996214248914322"
"steam_games_469","wikidata_18266","0.8790141813352259"
"steam_games_469","wikidata_18270","0.9995388469644497"
"steam_games_466","wikidata_4770","0.7778835670159193"
"steam_games_466","wikidata_10467","0.8078164994312713"
"steam_games_466","wikidata_18282","0.9116554671920967"
"steam_games_466","wikidata_18262","0.7430311105242949"
"steam_games_466","wikidata_18270","0.7412929945857201"
"steam_games_460","wikidata_10467","0.9971829697978595"
"steam_games_460","wikidata_18266","0.9821076804347487"
"steam_games_460","wikidata_18270","0.9966329953047521"
"steam_games_585","wikidata_10467","0.8296541394365073"
"steam_games_585","wikidata_18270","0.8067393485903497"
"steam_games_8856","wikidata_18294","0.999544680018272"
"steam_games_8856","wikidata_18290","0.999544680018272"
"steam_games_463","wikidata_17630","0.7828938104808189"
"steam_games_463","wikidata_29224","0.7539436527032277"
"steam_games_463","wikidata_29230","0.9069153777969975"
"steam_games_461","wikidata_31816","0.7787769672446083"
"steam_games_461","wikidata_21426","0.7469659554430933"
"steam_games_461","wikidata_17630","0.9546666290838027"
"steam_games_461","wikidata_29224","0.949158276154019"
"steam_games_461","wikidata_29213","0.8995376285801625"
"steam_games_461","wikidata_29230","0.7801633794966969"
"steam_games_462","wikidata_17630","0.7539436527032277"
"steam_games_462","wikidata_29224","0.7225014379927097"
"steam_games_462","wikidata_29214","0.9069153777969975"
"steam_games_2551","wikidata_31816","0.9995289047335889"
"steam_games_2551","wikidata_21426","0.999604923803889"
"steam_games_2551","wikidata_29213","0.756998009081844"
"steam_games_9260","wikidata_15523","0.9996595863842695"
"steam_games_25325","wikidata_33058","0.8755374793979354"
"steam_games_1623","wikidata_682","0.9994382665806348"
"steam_games_1625","wikidata_684","0.9994382665806348"
"steam_games_1624","wikidata_683","0.9994382665806348"
"steam_games_3745","wikidata_32957","0.9994382665806348"
"steam_games_3743","wikidata_32958","0.9994382665806348"
"steam_games_3744","wikidata_32960","0.9994382665806348"
"steam_games_1667","wikidata_14664","0.9994382665806348"
"steam_games_1667","wikidata_14657","0.8067884604242185"
"steam_games_1667","wikidata_14676","0.8193039054077907"
"steam_games_1667","wikidata_14669","0.8572507000741669"
"steam_games_1666","wikidata_14662","0.9994382665806348"
"steam_games_1666","wikidata_14655","0.8067884604242185"
"steam_games_1666","wikidata_14674","0.8193039054077907"
"steam_games_1666","wikidata_14667","0.8572507000741669"
"steam_games_1668","wikidata_14661","0.9994382665806348"
"steam_games_1668","wikidata_14654","0.8067884604242185"
"steam_games_1668","wikidata_14673","0.8193039054077907"
"steam_games_1668","wikidata_14666","0.8572507000741669"
"steam_games_306","wikidata_14732","0.9994382665806348"
"steam_games_2265","wikidata_14697","0.8755374793979354"
"steam_games_2278","wikidata_14705","0.8755374793979354"
"steam_games_2277","wikidata_14717","0.8755374793979354"
"steam_games_2266","wikidata_14767","0.8755374793979354"
"steam_games_276","wikidata_14781","0.9964581523718435"
"steam_games_309","wikidata_14752","0.9994382665806348"
"steam_games_2018","wikidata_22099","0.9946167891655857"
"steam_games_2017","wikidata_22098","0.9946167891655857"
"steam_games_658","wikidata_25918","0.9994382665806348"
"steam_games_1241","wikidata_25826","0.9994382665806348"
"steam_games_1242","wikidata_25827","0.9994382665806348"
"steam_games_2858","wikidata_26169","0.9994382665806348"
"steam_games_2856","wikidata_26170","0.9994382665806348"
"steam_games_2857","wikidata_26171","0.9994382665806348"
"steam_games_16196","wikidata_26210","0.9994382665806348"
"steam_games_16195","wikidata_26211","0.9994382665806348"
"steam_games_3832","wikidata_19987","0.8755374793979354"
"steam_games_2855","wikidata_34978","0.9996471860200857"
"steam_games_22446","wikidata_18442","0.9994382665806348"
"steam_games_11799","wikidata_17830","0.8755374793979354"
"steam_games_753","wikidata_9303","0.9307000640912949"
"steam_games_31472","wikidata_35973","0.9994382665806348"
"steam_games_31473","wikidata_35972","0.9994382665806348"
"steam_games_289","wikidata_22513","0.9342263728637836"
"steam_games_288","wikidata_22511","0.9342263728637836"
"steam_games_290","wikidata_22511","0.9166242067960076"
"steam_games_291","wikidata_22513","0.9166242067960076"
"steam_games_3366","wikidata_27735","0.9994382665806348"
"steam_games_3366","wikidata_27733","0.99968922032046"
"steam_games_4635","wikidata_20721","0.9994382665806348"
"steam_games_12145","wikidata_20721","0.9435575497937301"
"steam_games_452","wikidata_3271","0.8755374793979354"
"steam_games_454","wikidata_25008","0.7911444074055142"
"steam_games_453","wikidata_24995","0.7597171349216686"
"steam_games_89","wikidata_22940","0.8755374793979354"
"steam_games_88","wikidata_22942","0.8755374793979354"
"steam_games_87","wikidata_22941","0.8755374793979354"
"steam_games_17442","wikidata_23978","0.8755374793979354"
"steam_games_22528","wikidata_24484","0.9994382665806348"
"steam_games_22526","wikidata_24485","0.9994382665806348"
"steam_games_22527","wikidata_24486","0.9994382665806348"
"steam_games_5033","wikidata_20052","0.9069153777969975"
"steam_games_130","wikidata_3613","0.8755374793979354"
"steam_games_130","wikidata_3612","0.8939540195223761"
"steam_games_19845","wikidata_945","0.8939540195223761"
"steam_games_19845","wikidata_946","0.8755374793979354"
"steam_games_4035","wikidata_15384","0.9964581523718435"
"steam_games_4034","wikidata_15383","0.9964581523718435"
"steam_games_4036","wikidata_15382","0.9964581523718435"
"steam_games_14728","wikidata_34738","0.8755374793979354"
"steam_games_14727","wikidata_34740","0.8755374793979354"
"steam_games_14729","wikidata_34743","0.8755374793979354"
"steam_games_19348","wikidata_19881","0.9994382665806348"
"steam_games_1919","wikidata_34974","0.8755374793979354"
"steam_games_2890","wikidata_24332","0.9994382665806348"
"steam_games_3692","wikidata_24568","0.9994382665806348"
"steam_games_7224","wikidata_34887","0.8755374793979354"
"steam_games_21385","wikidata_18445","0.9994382665806348"
"steam_games_1351","wikidata_1145","0.9964581523718435"
"steam_games_1353","wikidata_1144","0.9964581523718435"
"steam_games_1352","wikidata_1146","0.9964581523718435"
"steam_games_346","wikidata_26312","0.9677510480867032"
"steam_games_346","wikidata_11475","0.8412358719876889"
"steam_games_346","wikidata_11476","0.8604393675108758"
"steam_games_492","wikidata_26313","0.9994382665806348"
"steam_games_491","wikidata_26312","0.9994382665806348"
"steam_games_593","wikidata_26312","0.9816314225022714"
"steam_games_594","wikidata_26313","0.9816314225022714"
"steam_games_4516","wikidata_26314","0.9994382665806348"
"steam_games_4518","wikidata_26316","0.9994382665806348"
"steam_games_4517","wikidata_26315","0.9994382665806348"
"steam_games_1225","wikidata_34373","0.9994382665806348"
"steam_games_5002","wikidata_3034","0.8755374793979354"
"steam_games_5899","wikidata_25478","0.8755374793979354"
"steam_games_32810","wikidata_21728","0.9691562285580513"
"steam_games_915","wikidata_27876","0.8926272321144948"
"steam_games_916","wikidata_27877","0.8926272321144948"
"steam_games_4125","wikidata_26967","0.9994382665806348"
"steam_games_2290","wikidata_35609","0.8755374793979354"
"steam_games_1917","wikidata_12546","0.8644619843035396"
"steam_games_1916","wikidata_12545","0.8644619843035396"
"steam_games_603","wikidata_21489","0.9745907815406498"
"steam_games_604","wikidata_21490","0.9745907815406498"
"steam_games_4841","wikidata_29013","0.9995670636161265"
"steam_games_2844","wikidata_11266","0.8755374793979354"
"steam_games_2847","wikidata_12168","0.8755374793979354"
"steam_games_2848","wikidata_12169","0.8755374793979354"
"steam_games_2850","wikidata_8687","0.8755374793979354"
"steam_games_2851","wikidata_8688","0.8755374793979354"
"steam_games_5493","wikidata_19897","0.9994382665806348"
"steam_games_13115","wikidata_3410","0.8755374793979354"
"steam_games_13116","wikidata_3411","0.8755374793979354"
"steam_games_112","wikidata_28410","0.8755374793979354"
"steam_games_6430","wikidata_22710","0.9994382665806348"
"steam_games_2066","wikidata_21152","0.8755374793979354"
"steam_games_1359","wikidata_15295","0.9996170050818504"
"steam_games_1359","wikidata_15292","0.9994382665806348"
"steam_games_22507","wikidata_34184","0.9994382665806348"
"steam_games_3528","wikidata_32969","0.9994382665806348"
"steam_games_13869","wikidata_35510","0.9945335432056737"
"steam_games_1074","wikidata_22553","0.9994382665806348"
"steam_games_1363","wikidata_30624","0.8755374793979354"
"steam_games_1646","wikidata_18486","0.9994382665806348"
"steam_games_8211","wikidata_34178","0.9994382665806348"
"steam_games_5259","wikidata_19869","0.9994382665806348"
"steam_games_5258","wikidata_19868","0.9994382665806348"
"steam_games_5260","wikidata_19867","0.9994382665806348"
"steam_games_3247","wikidata_32100","0.9012684658029234"
"steam_games_3247","wikidata_32099","0.8755374793979354"
"steam_games_11490","wikidata_24598","0.8755374793979354"
"steam_games_17189","wikidata_10767","0.8272488321681561"
"steam_games_24727","wikidata_10767","0.9994382665806348"
"steam_games_300","wikidata_6158","0.8755374793979354"
"steam_games_296","wikidata_6203","0.8755374793979354"
"steam_games_296","wikidata_6201","0.8755374793979354"
"steam_games_299","wikidata_1232","0.8755374793979354"
"steam_games_299","wikidata_1229","0.8755374793979354"
"steam_games_144","wikidata_11832","0.9994382665806348"
"steam_games_145","wikidata_11830","0.9994382665806348"
"steam_games_143","wikidata_11831","0.9994382665806348"
"steam_games_146","wikidata_6259","0.8755374793979354"
"steam_games_146","wikidata_6260","0.9043854320912416"
"steam_games_3819","wikidata_27895","0.9997784215370004"
"steam_games_3818","wikidata_27894","0.9997784215370004"
"steam_games_3820","wikidata_27893","0.9997784215370004"
"steam_games_1618","wikidata_33948","0.9994382665806348"
"steam_games_1619","wikidata_33950","0.9994382665806348"
"steam_games_1620","wikidata_33947","0.9994382665806348"
"steam_games_6252","wikidata_22711","0.99968922032046"
"steam_games_23542","wikidata_33568","0.8755374793979354"
"steam_games_3122","wikidata_32296","0.9994382665806348"
"steam_games_3428","wikidata_27156","0.8755374793979354"
"steam_games_3435","wikidata_27146","0.7764279370505986"
"steam_games_3433","wikidata_27144","0.8226458342762547"
"steam_games_3434","wikidata_27144","0.7755100458936893"
"steam_games_3431","wikidata_27144","0.710880937232283"
"steam_games_3432","wikidata_27149","0.8755374793979354"
"steam_games_3432","wikidata_27144","0.710880937232283"
"steam_games_20408","wikidata_3699","0.8755374793979354"
"steam_games_12918","wikidata_19221","0.8755374793979354"
