"steam_games_10982","wikidata_29999","0.9990695085474645"
"steam_games_1746","wikidata_8149","0.9983786083114069"
"steam_games_4386","wikidata_8189","0.8364710011906265"
"steam_games_9420","wikidata_15319","0.9988333540398778"
"steam_games_13463","wikidata_8138","0.9974523278067401"
"steam_games_4000","wikidata_8184","0.9975279009427299"
"steam_games_3999","wikidata_8183","0.9975279009427299"
"steam_games_3466","wikidata_8099","0.8904464469166898"
"steam_games_3465","wikidata_8098","0.8904464469166898"
"steam_games_12222","wikidata_8192","0.9983786083114069"
"steam_games_17450","wikidata_8463","0.9462140078013509"
"steam_games_17450","wikidata_8461","0.9462140078013509"
"steam_games_17450","wikidata_8462","0.9462140078013509"
"steam_games_17448","wikidata_9387","0.8944895543241338"
"steam_games_9028","wikidata_9180","0.7577696975976173"
"steam_games_433","wikidata_9300","0.8949969585568527"
"steam_games_433","wikidata_9299","0.9992578957643361"
"steam_games_4793","wikidata_10803","0.9988333540398778"
"steam_games_4792","wikidata_10802","0.9988333540398778"
"steam_games_15411","wikidata_33751","0.9867238027967664"
"steam_games_6575","wikidata_27436","0.9983786083114069"
"steam_games_6894","wikidata_12263","0.9984322419977472"
"steam_games_6895","wikidata_12264","0.9984322419977472"
"steam_games_20762","wikidata_24573","0.9988333540398778"
"steam_games_3592","wikidata_10692","0.9992578957643361"
"steam_games_3593","wikidata_10693","0.9992578957643361"
"steam_games_367","wikidata_15172","0.9263636611170936"
"steam_games_6843","wikidata_10695","0.9992578957643361"
"steam_games_6844","wikidata_10696","0.9992578957643361"
"steam_games_12267","wikidata_10689","0.9992578957643361"
"steam_games_12268","wikidata_10690","0.9992578957643361"
"steam_games_5270","wikidata_10833","0.9983786083114069"
"steam_games_5270","wikidata_10828","0.9983786083114069"
"steam_games_5270","wikidata_10823","0.9983786083114069"
"steam_games_5271","wikidata_10834","0.9983786083114069"
"steam_games_5271","wikidata_10829","0.9983786083114069"
"steam_games_5271","wikidata_10824","0.9983786083114069"
"steam_games_151","wikidata_9154","0.8894391414493982"
"steam_games_4739","wikidata_11219","0.9283245989330134"
"steam_games_3077","wikidata_12246","0.9983786083114069"
"steam_games_3076","wikidata_12245","0.9983786083114069"
"steam_games_6709","wikidata_9970","0.8928878502243486"
"steam_games_4141","wikidata_12210","0.8439727354999706"
"steam_games_19455","wikidata_9354","0.8112578436675193"
"steam_games_19455","wikidata_10796","0.7749166468093229"
"steam_games_12897","wikidata_9354","0.9990050940408394"
"steam_games_12897","wikidata_10796","0.9067260102774208"
"steam_games_16530","wikidata_10796","0.998488296469708"
"steam_games_10289","wikidata_9397","0.8641596998147402"
"steam_games_10289","wikidata_9412","0.8641596998147402"
"steam_games_10288","wikidata_8971","0.8962425418346301"
"steam_games_10288","wikidata_9411","0.8641596998147402"
"steam_games_4104","wikidata_10865","0.9983786083114069"
"steam_games_5123","wikidata_9386","0.9992578957643361"
"steam_games_3002","wikidata_9371","0.9462140078013509"
"steam_games_10837","wikidata_8290","0.8894391414493982"
"steam_games_10837","wikidata_8289","0.8894391414493982"
"steam_games_2979","wikidata_9297","0.8894391414493982"
"steam_games_13485","wikidata_8147","0.9992578957643361"
"steam_games_1421","wikidata_7548","0.8894391414493982"
"steam_games_6307","wikidata_22702","0.9983786083114069"
"steam_games_6306","wikidata_22701","0.9983786083114069"
"steam_games_16757","wikidata_20433","0.9983763062675182"
"steam_games_16757","wikidata_20434","0.9546295200434455"
"steam_games_14928","wikidata_16843","0.8894391414493982"
"steam_games_8009","wikidata_19828","0.9990221016363178"
"steam_games_8009","wikidata_19831","0.9990221016363178"
"steam_games_8010","wikidata_19829","0.9990221016363178"
"steam_games_8010","wikidata_19832","0.9990221016363178"
"steam_games_12860","wikidata_19998","0.8894391414493982"
"steam_games_12859","wikidata_19997","0.8894391414493982"
"steam_games_4293","wikidata_19943","0.8894391414493982"
"steam_games_4292","wikidata_19942","0.8894391414493982"
"steam_games_16045","wikidata_19933","0.9983786083114069"
"steam_games_16046","wikidata_19934","0.9983786083114069"
"steam_games_31415","wikidata_20007","0.8322236244362625"
"steam_games_31416","wikidata_20008","0.8322236244362625"
"steam_games_11143","wikidata_19670","0.9179363025632297"
"steam_games_11143","wikidata_19870","0.7958247431536568"
"steam_games_30772","wikidata_20007","0.9006208034873749"
"steam_games_35734","wikidata_20007","0.8322236244362625"
"steam_games_30910","wikidata_20007","0.9983786083114069"
"steam_games_5480","wikidata_19870","0.9983786083114069"
"steam_games_16439","wikidata_19947","0.8894391414493982"
"steam_games_11230","wikidata_19995","0.8894391414493982"
"steam_games_11231","wikidata_19993","0.8894391414493982"
"steam_games_14647","wikidata_24220","0.9192924341216562"
"steam_games_12203","wikidata_19852","0.9462140078013509"
"steam_games_27990","wikidata_19938","0.9983786083114069"
"steam_games_5295","wikidata_19969","0.8894391414493982"
"steam_games_5294","wikidata_19968","0.8894391414493982"
"steam_games_9654","wikidata_21271","0.9983786083114069"
"steam_games_2376","wikidata_32976","0.9974523278067401"
"steam_games_24214","wikidata_19853","0.9992578957643361"
"steam_games_22841","wikidata_22626","0.9988333540398778"
"steam_games_22840","wikidata_22625","0.9988333540398778"
"steam_games_11843","wikidata_32989","0.9992578957643361"
"steam_games_3382","wikidata_36012","0.8969332332347577"
"steam_games_1993","wikidata_33736","0.9980778898029516"
"steam_games_6606","wikidata_16842","0.9988333540398778"
"steam_games_24880","wikidata_16845","0.7483404865469027"
"steam_games_24879","wikidata_16844","0.7483404865469027"
"steam_games_32251","wikidata_16844","0.9984361562726681"
"steam_games_32252","wikidata_16845","0.9984361562726681"
"steam_games_2076","wikidata_18418","0.9752503263723187"
"steam_games_17567","wikidata_33701","0.8894391414493982"
"steam_games_819","wikidata_33733","0.855882762677124"
"steam_games_818","wikidata_33733","0.9603703606935631"
"steam_games_817","wikidata_33733","0.9975279009427299"
"steam_games_1790","wikidata_33748","0.9975385129860108"
"steam_games_72","wikidata_33641","0.9981001505636812"
"steam_games_18362","wikidata_24413","0.9983786083114069"
"steam_games_1661","wikidata_31433","0.9988333540398778"
"steam_games_1661","wikidata_31436","0.9988333540398778"
"steam_games_1549","wikidata_31439","0.9462140078013509"
"steam_games_1549","wikidata_31441","0.9462140078013509"
"steam_games_1559","wikidata_33725","0.9989029831237467"
"steam_games_172","wikidata_19876","0.9988680074541346"
"steam_games_1592","wikidata_4147","0.9992578957643361"
"steam_games_1592","wikidata_34218","0.8949969585568527"
"steam_games_1591","wikidata_1022","0.9326591038613453"
"steam_games_21118","wikidata_28453","0.9983786083114069"
"steam_games_1232","wikidata_366","0.9992578957643361"
"steam_games_1232","wikidata_5904","0.7062456270735692"
"steam_games_1233","wikidata_367","0.9992578957643361"
"steam_games_1169","wikidata_18728","0.9984053144069889"
"steam_games_22153","wikidata_19704","0.9990657288891168"
"steam_games_22152","wikidata_19703","0.9990657288891168"
"steam_games_5027","wikidata_21278","0.9179363025632297"
"steam_games_5026","wikidata_21277","0.9179363025632297"
"steam_games_11201","wikidata_27493","0.9179363025632297"
"steam_games_26741","wikidata_24607","0.9988333540398778"
"steam_games_2613","wikidata_19883","0.9934166885148811"
"steam_games_10875","wikidata_27543","0.9983786083114069"
"steam_games_1581","wikidata_28388","0.8896056745682763"
"steam_games_989","wikidata_4090","0.8894391414493982"
"steam_games_989","wikidata_4089","0.8894391414493982"
"steam_games_670","wikidata_3685","0.8655093268364664"
"steam_games_988","wikidata_4103","0.8668866665845069"
"steam_games_988","wikidata_4088","0.8668866665845069"
"steam_games_1143","wikidata_11206","0.9179363025632297"
"steam_games_14893","wikidata_19865","0.9462140078013509"
"steam_games_8853","wikidata_19996","0.8894391414493982"
"steam_games_138","wikidata_20282","0.9357389024158584"
"steam_games_101","wikidata_7438","0.9462140078013509"
"steam_games_26296","wikidata_353","0.9462140078013509"
"steam_games_1063","wikidata_4937","0.7592634697003364"
"steam_games_32842","wikidata_23694","0.9183661693621752"
"steam_games_822","wikidata_14252","0.8733685227289588"
"steam_games_822","wikidata_14247","0.8733685227289588"
"steam_games_822","wikidata_310","0.8733685227289588"
"steam_games_822","wikidata_316","0.8733685227289588"
"steam_games_822","wikidata_14205","0.8733685227289588"
"steam_games_1168","wikidata_14252","0.9179363025632297"
"steam_games_1168","wikidata_14247","0.9179363025632297"
"steam_games_8479","wikidata_14292","0.9983786083114069"
"steam_games_2742","wikidata_32089","0.9983579092667555"
"steam_games_2742","wikidata_14267","0.9988333540398778"
"steam_games_2742","wikidata_14261","0.9984361562726681"
"steam_games_3441","wikidata_14288","0.9264741297895968"
"steam_games_3441","wikidata_14285","0.9264741297895968"
"steam_games_3441","wikidata_14295","0.9038137830706728"
"steam_games_3441","wikidata_14296","0.9038137830706728"
"steam_games_31971","wikidata_14323","0.9976794978414868"
"steam_games_31971","wikidata_14319","0.9976794978414868"
"steam_games_21018","wikidata_14313","0.9983579092667555"
"steam_games_21018","wikidata_14316","0.9983579092667555"
"steam_games_1647","wikidata_14243","0.9988333540398778"
"steam_games_1647","wikidata_14239","0.9988333540398778"
"steam_games_5815","wikidata_14288","0.8832338605076755"
"steam_games_5815","wikidata_14285","0.8832338605076755"
"steam_games_5815","wikidata_14282","0.9476480605811671"
"steam_games_5815","wikidata_14276","0.9476480605811671"
"steam_games_5815","wikidata_14273","0.9476480605811671"
"steam_games_5815","wikidata_14279","0.9476480605811671"
"steam_games_9461","wikidata_14282","0.9355361828738741"
"steam_games_9461","wikidata_14276","0.9976476391479867"
"steam_games_9461","wikidata_14273","0.9976476391479867"
"steam_games_9461","wikidata_14279","0.9355361828738741"
"steam_games_4728","wikidata_14295","0.9981894957362938"
"steam_games_4728","wikidata_14296","0.9981894957362938"
"steam_games_25425","wikidata_21411","0.9983786083114069"
"steam_games_18109","wikidata_16779","0.9901596230912713"
"steam_games_1214","wikidata_20171","0.8364710011906265"
"steam_games_1213","wikidata_20170","0.8364710011906265"
"steam_games_18107","wikidata_16733","0.9006824519697604"
"steam_games_2470","wikidata_24196","0.9988333540398778"
"steam_games_2471","wikidata_24197","0.9988333540398778"
"steam_games_13950","wikidata_18456","0.8894391414493982"
"steam_games_13949","wikidata_18455","0.8894391414493982"
"steam_games_1573","wikidata_32064","0.9992578957643361"
"steam_games_1574","wikidata_32065","0.9992578957643361"
"steam_games_33405","wikidata_19898","0.9988333540398778"
"steam_games_10765","wikidata_32921","0.9249652871555077"
"steam_games_7351","wikidata_9298","0.8894391414493982"
"steam_games_6774","wikidata_35371","0.9990705872973351"
"steam_games_5369","wikidata_34263","0.8894391414493982"
"steam_games_1855","wikidata_15444","0.9988333540398778"
"steam_games_1863","wikidata_17240","0.9822264306698355"
"steam_games_1863","wikidata_17236","0.9977935384543841"
"steam_games_3782","wikidata_17248","0.7422025980024142"
"steam_games_686","wikidata_18680","0.9983693222756491"
"steam_games_23721","wikidata_21273","0.8894391414493982"
"steam_games_560","wikidata_34621","0.9990106039397058"
"steam_games_561","wikidata_34622","0.9990106039397058"
"steam_games_874","wikidata_2257","0.9988333540398778"
"steam_games_26704","wikidata_8193","0.9983786083114069"
"steam_games_1384","wikidata_27469","0.9990369755016555"
"steam_games_1383","wikidata_27467","0.9990369755016555"
"steam_games_16443","wikidata_16540","0.9252117517464749"
"steam_games_618","wikidata_20853","0.8364710011906265"
"steam_games_618","wikidata_20834","0.959205319918935"
"steam_games_617","wikidata_20834","0.9974523278067401"
"steam_games_2661","wikidata_34735","0.8894391414493982"
"steam_games_2662","wikidata_34736","0.8894391414493982"
"steam_games_324","wikidata_16306","0.8887753166545084"
"steam_games_324","wikidata_16298","0.8887753166545084"
"steam_games_325","wikidata_16300","0.8887753166545084"
"steam_games_325","wikidata_16308","0.8887753166545084"
"steam_games_2080","wikidata_33713","0.9979335505325039"
"steam_games_2081","wikidata_33717","0.9979335505325039"
"steam_games_192","wikidata_26855","0.9179363025632297"
"steam_games_10085","wikidata_32166","0.7191332348758814"
"steam_games_10084","wikidata_32165","0.7191332348758814"
"steam_games_6040","wikidata_32165","0.9992578957643361"
"steam_games_6041","wikidata_32166","0.9992578957643361"
"steam_games_4324","wikidata_26858","0.9986626092444109"
"steam_games_2587","wikidata_28399","0.9982302728912383"
"steam_games_27272","wikidata_32221","0.9974523278067401"
"steam_games_21860","wikidata_32247","0.8894391414493982"
"steam_games_1399","wikidata_32189","0.9462140078013509"
"steam_games_1398","wikidata_32188","0.9462140078013509"
"steam_games_14437","wikidata_32178","0.9986129901957007"
"steam_games_33065","wikidata_35951","0.9983786083114069"
"steam_games_21047","wikidata_32145","0.9214261292522888"
"steam_games_1401","wikidata_32190","0.9462140078013509"
"steam_games_2596","wikidata_32186","0.9992578957643361"
"steam_games_27378","wikidata_32224","0.9983786083114069"
"steam_games_27379","wikidata_32225","0.9983786083114069"
"steam_games_1393","wikidata_31989","0.9462140078013509"
"steam_games_1392","wikidata_31988","0.9462140078013509"
"steam_games_4587","wikidata_31959","0.9179363025632297"
"steam_games_4586","wikidata_31883","0.930645637211738"
"steam_games_20973","wikidata_31902","0.8647833153744248"
"steam_games_16702","wikidata_32079","0.9462140078013509"
"steam_games_9544","wikidata_32233","0.8894391414493982"
"steam_games_9545","wikidata_32234","0.8894391414493982"
"steam_games_14492","wikidata_32036","0.8894391414493982"
"steam_games_9795","wikidata_32207","0.8894391414493982"
"steam_games_8751","wikidata_33621","0.9179363025632297"
"steam_games_730","wikidata_32082","0.9990188434730931"
"steam_games_730","wikidata_32085","0.7859788918584268"
"steam_games_1395","wikidata_31976","0.9462140078013509"
"steam_games_2976","wikidata_32140","0.9988333540398778"
"steam_games_191","wikidata_26854","0.9179363025632297"
"steam_games_12590","wikidata_32193","0.9990369755016555"
"steam_games_12589","wikidata_32192","0.9990369755016555"
"steam_games_6425","wikidata_32173","0.9977989688553801"
"steam_games_6424","wikidata_32172","0.9977989688553801"
"steam_games_1182","wikidata_29079","0.9983827823051932"
"steam_games_1181","wikidata_29081","0.9983827823051932"
"steam_games_31076","wikidata_33847","0.8894391414493982"
"steam_games_18981","wikidata_25428","0.9992578957643361"
"steam_games_3484","wikidata_29050","0.9983468415831542"
"steam_games_3484","wikidata_29048","0.9983468415831542"
"steam_games_3485","wikidata_29055","0.9983468415831542"
"steam_games_3485","wikidata_29043","0.9983468415831542"
"steam_games_2445","wikidata_2091","0.9179363025632297"
"steam_games_2446","wikidata_2092","0.9179363025632297"
"steam_games_473","wikidata_22759","0.9179363025632297"
"steam_games_473","wikidata_22757","0.9179363025632297"
"steam_games_482","wikidata_6211","0.9988333540398778"
"steam_games_482","wikidata_6210","0.9988333540398778"
"steam_games_482","wikidata_6226","0.9988333540398778"
"steam_games_584","wikidata_6211","0.8144324084122703"
"steam_games_584","wikidata_6210","0.8144324084122703"
"steam_games_584","wikidata_6226","0.8144324084122703"
"steam_games_584","wikidata_26351","0.9179363025632297"
"steam_games_37834","wikidata_6240","0.876290208994044"
"steam_games_5393","wikidata_28772","0.9462140078013509"
"steam_games_27144","wikidata_24417","0.7167325438286855"
"steam_games_1453","wikidata_24102","0.9983786083114069"
"steam_games_6847","wikidata_26954","0.9171160848773148"
"steam_games_2684","wikidata_20556","0.9989133983258399"
"steam_games_4368","wikidata_20556","0.9311767043574254"
"steam_games_15636","wikidata_13616","0.7802655362429227"
"steam_games_135","wikidata_30144","0.8914656036420504"
"steam_games_135","wikidata_30145","0.8723945164122627"
"steam_games_133","wikidata_30144","0.9986619968444793"
"steam_games_133","wikidata_30145","0.9984304645146768"
"steam_games_134","wikidata_30142","0.9984304645146768"
"steam_games_134","wikidata_30146","0.9984304645146768"
"steam_games_132","wikidata_30144","0.9924155503503292"
"steam_games_132","wikidata_30145","0.9909018154396801"
"steam_games_132","wikidata_426","0.8853097342899733"
"steam_games_132","wikidata_21","0.8653203864732162"
"steam_games_369","wikidata_28647","0.9989199979020664"
"steam_games_362","wikidata_13949","0.998882288983338"
"steam_games_370","wikidata_28649","0.9989199979020664"
"steam_games_304","wikidata_1133","0.9674710850886906"
"steam_games_304","wikidata_13735","0.9986131519309314"
"steam_games_305","wikidata_1136","0.9674710850886906"
"steam_games_305","wikidata_13733","0.9986131519309314"
"steam_games_1871","wikidata_28659","0.9081354435932394"
"steam_games_1871","wikidata_13668","0.9214397035110361"
"steam_games_1890","wikidata_28659","0.9883293501364941"
"steam_games_1663","wikidata_28636","0.9877415357202266"
"steam_games_1663","wikidata_31812","0.741893899543099"
"steam_games_1663","wikidata_13616","0.9214397035110361"
"steam_games_1061","wikidata_32183","0.741893899543099"
"steam_games_1061","wikidata_32154","0.741893899543099"
"steam_games_1061","wikidata_28642","0.7888198163859289"
"steam_games_1061","wikidata_28636","0.741893899543099"
"steam_games_1061","wikidata_31812","0.9988873457935896"
"steam_games_1061","wikidata_13625","0.741893899543099"
"steam_games_1061","wikidata_13616","0.741893899543099"
"steam_games_5803","wikidata_32156","0.9811243012838367"
"steam_games_5803","wikidata_13620","0.9982762245729555"
"steam_games_5802","wikidata_32154","0.9811243012838367"
"steam_games_5802","wikidata_13625","0.9982762245729555"
"steam_games_622","wikidata_2932","0.9988333540398778"
"steam_games_622","wikidata_2935","0.8144324084122703"
"steam_games_1626","wikidata_6032","0.883849464460683"
"steam_games_8812","wikidata_5218","0.8894391414493982"
"steam_games_33094","wikidata_24618","0.9004065868346145"
"steam_games_6269","wikidata_22621","0.9983786083114069"
"steam_games_5400","wikidata_20884","0.8894391414493982"
"steam_games_2118","wikidata_6003","0.999055013355297"
"steam_games_2119","wikidata_6005","0.999055013355297"
"steam_games_858","wikidata_16625","0.8152953552575107"
"steam_games_858","wikidata_16624","0.9268628369926569"
"steam_games_858","wikidata_16623","0.9183661693621752"
"steam_games_33006","wikidata_16624","0.9183661693621752"
"steam_games_2201","wikidata_5582","0.9179363025632297"
"steam_games_2202","wikidata_5583","0.9179363025632297"
"steam_games_8647","wikidata_27427","0.9179363025632297"
"steam_games_8647","wikidata_27426","0.9179363025632297"
"steam_games_20642","wikidata_19928","0.9937255331870053"
"steam_games_20641","wikidata_19927","0.9937255331870053"
"steam_games_11940","wikidata_32986","0.9983786083114069"
"steam_games_6628","wikidata_9374","0.9983786083114069"
"steam_games_12850","wikidata_15303","0.9992578957643361"
"steam_games_1413","wikidata_34564","0.8875424152429072"
"steam_games_8292","wikidata_24456","0.9983786083114069"
"steam_games_543","wikidata_16260","0.8739649399088137"
"steam_games_681","wikidata_26786","0.8739649399088137"
"steam_games_1154","wikidata_27221","0.8104480888163166"
"steam_games_1154","wikidata_27220","0.94781369856169"
"steam_games_1154","wikidata_27219","0.9981194391687849"
"steam_games_266","wikidata_18337","0.9322785823278722"
"steam_games_267","wikidata_20850","0.9322785823278722"
"steam_games_267","wikidata_20851","0.9322785823278722"
"steam_games_264","wikidata_20859","0.9322785823278722"
"steam_games_265","wikidata_20842","0.9322785823278722"
"steam_games_7585","wikidata_34755","0.8894391414493982"
"steam_games_7584","wikidata_34754","0.8894391414493982"
"steam_games_308","wikidata_27991","0.9992578957643361"
"steam_games_1940","wikidata_18516","0.9205506168448007"
"steam_games_232","wikidata_3397","0.9344323538830478"
"steam_games_13743","wikidata_35210","0.9988333540398778"
"steam_games_20861","wikidata_4380","0.8679568798585157"
"steam_games_6824","wikidata_4363","0.9335289255010306"
"steam_games_1590","wikidata_357","0.9326591038613453"
"steam_games_1584","wikidata_930","0.9462140078013509"
"steam_games_1583","wikidata_928","0.9462140078013509"
"steam_games_36044","wikidata_20473","0.7167325438286855"
"steam_games_28980","wikidata_20473","0.9988333540398778"
"steam_games_25477","wikidata_34731","0.8894391414493982"
"steam_games_30446","wikidata_4049","0.8894391414493982"
"steam_games_2","wikidata_745","0.9101241421473721"
"steam_games_1","wikidata_744","0.9101241421473721"
"steam_games_3590","wikidata_8132","0.8894391414493982"
"steam_games_3589","wikidata_8131","0.8894391414493982"
"steam_games_1550","wikidata_18979","0.8895984023060013"
"steam_games_23806","wikidata_18108","0.9988333540398778"
"steam_games_23806","wikidata_18107","0.9988333540398778"
"steam_games_16423","wikidata_22712","0.7129350694029243"
"steam_games_16422","wikidata_22714","0.7129350694029243"
"steam_games_16421","wikidata_22713","0.7129350694029243"
"steam_games_720","wikidata_7496","0.9983786083114069"
"steam_games_721","wikidata_7497","0.9983786083114069"
"steam_games_7879","wikidata_22714","0.9990977090044785"
"steam_games_7878","wikidata_22713","0.9990977090044785"
"steam_games_1366","wikidata_17086","0.8832338605076755"
"steam_games_534","wikidata_22483","0.9179363025632297"
"steam_games_534","wikidata_22486","0.9179363025632297"
"steam_games_2732","wikidata_18101","0.8713216766873596"
"steam_games_8326","wikidata_9161","0.7369834360285306"
"steam_games_8326","wikidata_9163","0.8894391414493982"
"steam_games_14521","wikidata_26292","0.9983786083114069"
"steam_games_3842","wikidata_24297","0.9983786083114069"
"steam_games_3843","wikidata_24298","0.9983786083114069"
"steam_games_29850","wikidata_10855","0.9983786083114069"
"steam_games_11773","wikidata_15312","0.9992235457822978"
"steam_games_1379","wikidata_5473","0.9974523278067401"
"steam_games_1379","wikidata_5474","0.9974523278067401"
"steam_games_22219","wikidata_21135","0.9988333540398778"
"steam_games_1337","wikidata_22611","0.9989342601411714"
"steam_games_1338","wikidata_22613","0.9989342601411714"
"steam_games_38","wikidata_6020","0.9981001505636812"
"steam_games_37","wikidata_6019","0.9981001505636812"
"steam_games_750","wikidata_25666","0.9326712567217872"
"steam_games_9859","wikidata_17614","0.9985833728939533"
"steam_games_9859","wikidata_17611","0.9987245283247138"
"steam_games_7166","wikidata_17622","0.998585237048899"
"steam_games_7166","wikidata_17621","0.998585237048899"
"steam_games_7166","wikidata_17599","0.7834684876568146"
"steam_games_7166","wikidata_17594","0.7834684876568146"
"steam_games_2582","wikidata_17599","0.9021685053731826"
"steam_games_2582","wikidata_17594","0.9021685053731826"
"steam_games_12214","wikidata_35018","0.8577888535721843"
"steam_games_85","wikidata_1159","0.9988333540398778"
"steam_games_84","wikidata_1158","0.9988333540398778"
"steam_games_666","wikidata_34769","0.9990784554168246"
"steam_games_28617","wikidata_34378","0.9988333540398778"
"steam_games_4045","wikidata_35807","0.8873748684966108"
"steam_games_4046","wikidata_35800","0.8914699471479848"
"steam_games_2423","wikidata_19756","0.9988333540398778"
"steam_games_1721","wikidata_32109","0.9877850880276102"
"steam_games_18416","wikidata_33280","0.8656053917186033"
"steam_games_12638","wikidata_34703","0.9992578957643361"
"steam_games_274","wikidata_260","0.9992578957643361"
"steam_games_807","wikidata_26421","0.9216112327698998"
"steam_games_807","wikidata_31866","0.9216112327698998"
"steam_games_804","wikidata_28053","0.9216112327698998"
"steam_games_804","wikidata_28048","0.9216112327698998"
"steam_games_4047","wikidata_35815","0.8597680183757627"
"steam_games_29315","wikidata_15337","0.8894391414493982"
"steam_games_29314","wikidata_15336","0.8894391414493982"
"steam_games_571","wikidata_20942","0.9988333540398778"
"steam_games_7305","wikidata_29799","0.9988333540398778"
"steam_games_1097","wikidata_16080","0.9179363025632297"
"steam_games_21964","wikidata_16139","0.9982033599436324"
"steam_games_23292","wikidata_16142","0.9983786083114069"
"steam_games_1378","wikidata_21244","0.8616715825642396"
"steam_games_5825","wikidata_24694","0.9838089246663644"
"steam_games_6745","wikidata_4171","0.9263636611170936"
"steam_games_1548","wikidata_5013","0.9148864820967555"
"steam_games_1104","wikidata_17555","0.9988333540398778"
"steam_games_1101","wikidata_17548","0.9988333540398778"
"steam_games_18955","wikidata_17553","0.9982356851556433"
"steam_games_12895","wikidata_17541","0.9179363025632297"
"steam_games_1156","wikidata_17653","0.9988333540398778"
"steam_games_542","wikidata_17647","0.8601219086931682"
"steam_games_542","wikidata_17644","0.8601219086931682"
"steam_games_542","wikidata_17650","0.8601219086931682"
"steam_games_354","wikidata_827","0.8555490108084908"
"steam_games_11128","wikidata_24839","0.9985521791994347"
"steam_games_11127","wikidata_24838","0.9985521791994347"
"steam_games_4044","wikidata_35793","0.8977901577821388"
"steam_games_1986","wikidata_34581","0.9992578957643361"
"steam_games_1985","wikidata_34580","0.9992578957643361"
"steam_games_11649","wikidata_30947","0.9988333540398778"
"steam_games_6251","wikidata_19518","0.9200111335064546"
"steam_games_6111","wikidata_21099","0.9200111335064546"
"steam_games_1736","wikidata_30940","0.9988333540398778"
"steam_games_2150","wikidata_16130","0.9988333540398778"
"steam_games_2150","wikidata_16125","0.9988333540398778"
"steam_games_6208","wikidata_28816","0.9992578957643361"
"steam_games_337","wikidata_31451","0.9462140078013509"
"steam_games_337","wikidata_31453","0.9327717159987983"
"steam_games_27668","wikidata_28267","0.9992578957643361"
"steam_games_27669","wikidata_28268","0.9992578957643361"
"steam_games_26485","wikidata_26942","0.9988333540398778"
"steam_games_26485","wikidata_26939","0.9988333540398778"
"steam_games_26486","wikidata_26940","0.9988333540398778"
"steam_games_26486","wikidata_26943","0.9988333540398778"
"steam_games_115","wikidata_6100","0.9462140078013509"
"steam_games_540","wikidata_17069","0.9988333540398778"
"steam_games_14557","wikidata_21294","0.9982757539288059"
"steam_games_6467","wikidata_21289","0.9988333540398778"
"steam_games_9393","wikidata_17882","0.9988333540398778"
"steam_games_5269","wikidata_24372","0.998531190239219"
"steam_games_2703","wikidata_34821","0.9847625540844862"
"steam_games_2703","wikidata_34823","0.9137752712534254"
"steam_games_2328","wikidata_34780","0.9039157813037447"
"steam_games_2328","wikidata_34823","0.9986131519309314"
"steam_games_620","wikidata_28756","0.9349151092164957"
"steam_games_620","wikidata_28752","0.9349151092164957"
"steam_games_2042","wikidata_30679","0.8788117111213795"
"steam_games_27900","wikidata_22727","0.8894391414493982"
"steam_games_3595","wikidata_22699","0.8894391414493982"
"steam_games_2572","wikidata_21266","0.9462140078013509"
"steam_games_1326","wikidata_21174","0.7941544103073704"
"steam_games_1326","wikidata_21169","0.9990659939637518"
"steam_games_1327","wikidata_21176","0.7941544103073704"
"steam_games_1327","wikidata_21171","0.9990659939637518"
"steam_games_1249","wikidata_21801","0.9978888157366993"
"steam_games_1250","wikidata_21803","0.9978888157366993"
"steam_games_2676","wikidata_30999","0.9990865822372971"
"steam_games_2677","wikidata_31000","0.9990865822372971"
"steam_games_14272","wikidata_24394","0.9988333540398778"
"steam_games_14271","wikidata_24393","0.9988333540398778"
"steam_games_103","wikidata_10075","0.9990402839005119"
"steam_games_3232","wikidata_6613","0.9199351494172564"
"steam_games_39042","wikidata_20195","0.8894391414493982"
"steam_games_7893","wikidata_24504","0.9983786083114069"
"steam_games_5609","wikidata_30954","0.9179363025632297"
"steam_games_5608","wikidata_30953","0.9179363025632297"
"steam_games_22428","wikidata_13366","0.8117192449561423"
"steam_games_1373","wikidata_13366","0.9992578957643361"
"steam_games_2826","wikidata_24243","0.9988333540398778"
"steam_games_15955","wikidata_30000","0.9867901496816154"
"steam_games_3259","wikidata_34369","0.9992578957643361"
"steam_games_2293","wikidata_29798","0.9988333540398778"
"steam_games_2326","wikidata_25594","0.9988333540398778"
"steam_games_2325","wikidata_25593","0.9988333540398778"
"steam_games_2434","wikidata_25595","0.9179363025632297"
"steam_games_2434","wikidata_25597","0.9179363025632297"
"steam_games_2435","wikidata_25598","0.9179363025632297"
"steam_games_2435","wikidata_25596","0.9179363025632297"
"steam_games_1636","wikidata_959","0.9179363025632297"
"steam_games_319","wikidata_35631","0.9126026178772433"
"steam_games_319","wikidata_35626","0.9126026178772433"
"steam_games_319","wikidata_35623","0.9126026178772433"
"steam_games_319","wikidata_35629","0.9126026178772433"
"steam_games_318","wikidata_35633","0.9126026178772433"
"steam_games_318","wikidata_35630","0.9126026178772433"
"steam_games_318","wikidata_35625","0.9126026178772433"
"steam_games_318","wikidata_35628","0.9126026178772433"
"steam_games_5303","wikidata_30815","0.732345278585487"
"steam_games_21981","wikidata_30820","0.9988333540398778"
"steam_games_3797","wikidata_30815","0.9988333540398778"
"steam_games_1748","wikidata_1056","0.9179363025632297"
"steam_games_1748","wikidata_1059","0.9179363025632297"
"steam_games_6549","wikidata_13442","0.9330282302785889"
"steam_games_6549","wikidata_13441","0.9330282302785889"
"steam_games_21022","wikidata_24961","0.8918360681862043"
"steam_games_810","wikidata_11230","0.9462140078013509"
"steam_games_517","wikidata_34471","0.9981356869448944"
"steam_games_517","wikidata_34472","0.9796139417385621"
"steam_games_610","wikidata_34478","0.9978723031664006"
"steam_games_609","wikidata_34477","0.9172523760934609"
"steam_games_2294","wikidata_25654","0.9988333540398778"
"steam_games_2294","wikidata_25655","0.9988333540398778"
"steam_games_4591","wikidata_22770","0.9981043175193276"
"steam_games_28373","wikidata_10758","0.9988333540398778"
"steam_games_1844","wikidata_21091","0.997709562530064"
"steam_games_1844","wikidata_31255","0.7125040488677004"
"steam_games_1080","wikidata_32323","0.9978664867397253"
"steam_games_1681","wikidata_31255","0.9974523278067401"
"steam_games_636","wikidata_14600","0.9988333540398778"
"steam_games_4675","wikidata_17000","0.9992578957643361"
"steam_games_586","wikidata_18463","0.9264741297895968"
"steam_games_5184","wikidata_15102","0.9979660214039742"
"steam_games_9706","wikidata_26696","0.9982302728912383"
"steam_games_9706","wikidata_17533","0.9982302728912383"
"steam_games_15397","wikidata_16998","0.8681384306575274"
"steam_games_642","wikidata_15097","0.9988333540398778"
"steam_games_959","wikidata_2099","0.8823455731297695"
"steam_games_12906","wikidata_28218","0.9985864973537418"
"steam_games_4986","wikidata_18423","0.9988333540398778"
"steam_games_2675","wikidata_30850","0.8909175324568438"
"steam_games_8007","wikidata_20220","0.8434814748646545"
"steam_games_5898","wikidata_20214","0.8673213656378703"
"steam_games_10097","wikidata_28825","0.8909175324568438"
"steam_games_10097","wikidata_33506","0.8054304610143805"
"steam_games_10097","wikidata_21465","0.7022620902436004"
"steam_games_979","wikidata_29687","0.8909175324568438"
"steam_games_978","wikidata_29686","0.8868520504366165"
"steam_games_10351","wikidata_29692","0.8909175324568438"
"steam_games_10350","wikidata_29699","0.8909175324568438"
"steam_games_4846","wikidata_13882","0.9179363025632297"
"steam_games_4846","wikidata_13859","0.9179363025632297"
"steam_games_4847","wikidata_13872","0.9179363025632297"
"steam_games_982","wikidata_13900","0.8733685227289588"
"steam_games_20085","wikidata_29758","0.9989721582124432"
"steam_games_1643","wikidata_35049","0.9922141475555076"
"steam_games_1643","wikidata_35048","0.9985505392095212"
"steam_games_422","wikidata_35030","0.9324829486184347"
"steam_games_422","wikidata_35031","0.9324829486184347"
"steam_games_254","wikidata_35044","0.9358707130291263"
"steam_games_3250","wikidata_35375","0.8894391414493982"
"steam_games_23019","wikidata_10814","0.9988333540398778"
"steam_games_23019","wikidata_10809","0.9988333540398778"
"steam_games_23018","wikidata_10813","0.9988333540398778"
"steam_games_23018","wikidata_10808","0.9988333540398778"
"steam_games_29066","wikidata_18449","0.9988333540398778"
"steam_games_17166","wikidata_11959","0.8894391414493982"
"steam_games_17167","wikidata_11960","0.8894391414493982"
"steam_games_3198","wikidata_34658","0.9992578957643361"
"steam_games_3199","wikidata_34659","0.9992578957643361"
"steam_games_35548","wikidata_24557","0.9988333540398778"
"steam_games_35549","wikidata_24558","0.9988333540398778"
"steam_games_825","wikidata_6182","0.9179363025632297"
"steam_games_328","wikidata_349","0.9462140078013509"
"steam_games_347","wikidata_34420","0.9989164367187052"
"steam_games_1073","wikidata_34279","0.9988333540398778"
"steam_games_5638","wikidata_35261","0.9179363025632297"
"steam_games_30460","wikidata_29926","0.8894391414493982"
"steam_games_39965","wikidata_34719","0.998786663962097"
"steam_games_216","wikidata_22257","0.9233382975897939"
"steam_games_215","wikidata_22254","0.9233382975897939"
"steam_games_33721","wikidata_33053","0.9984259637146574"
"steam_games_17279","wikidata_32970","0.892325101020754"
"steam_games_21730","wikidata_20425","0.8668000633938876"
"steam_games_3372","wikidata_34910","0.7897796746973919"
"steam_games_25521","wikidata_33052","0.9984029048374844"
"steam_games_8072","wikidata_8150","0.9988333540398778"
"steam_games_1991","wikidata_24313","0.9983786083114069"
"steam_games_1990","wikidata_24312","0.9983786083114069"
"steam_games_27844","wikidata_15318","0.7739827033128136"
"steam_games_3902","wikidata_15287","0.9992578957643361"
"steam_games_2739","wikidata_34656","0.9988333540398778"
"steam_games_35883","wikidata_33956","0.8894391414493982"
"steam_games_20451","wikidata_15360","0.9983786083114069"
"steam_games_36670","wikidata_15365","0.9983786083114069"
"steam_games_36669","wikidata_15364","0.9983786083114069"
"steam_games_13122","wikidata_15280","0.9990539304652301"
"steam_games_13123","wikidata_15281","0.9990539304652301"
"steam_games_1079","wikidata_20912","0.998048197212778"
"steam_games_1079","wikidata_20906","0.998048197212778"
"steam_games_3268","wikidata_20975","0.9979148503174797"
"steam_games_3268","wikidata_20970","0.9979148503174797"
"steam_games_3268","wikidata_20965","0.9979148503174797"
"steam_games_3269","wikidata_20972","0.9979148503174797"
"steam_games_3269","wikidata_20977","0.9979148503174797"
"steam_games_3269","wikidata_20967","0.9979148503174797"
"steam_games_1118","wikidata_32174","0.9981856491920301"
"steam_games_11249","wikidata_20454","0.9983786083114069"
"steam_games_13406","wikidata_27982","0.8944435983151231"
"steam_games_32058","wikidata_27982","0.8770284242646423"
"steam_games_35837","wikidata_20996","0.9988333540398778"
"steam_games_8838","wikidata_35948","0.9992578957643361"
"steam_games_19539","wikidata_20988","0.9988333540398778"
"steam_games_19538","wikidata_20987","0.9988333540398778"
"steam_games_735","wikidata_20936","0.8774402554044662"
"steam_games_1121","wikidata_3438","0.9983786083114069"
"steam_games_414","wikidata_15683","0.8439727354999706"
"steam_games_413","wikidata_13331","0.8944653669400359"
"steam_games_407","wikidata_13636","0.8942769623993968"
"steam_games_408","wikidata_13602","0.8942769623993968"
"steam_games_409","wikidata_13592","0.8942769623993968"
"steam_games_3997","wikidata_5958","0.9179363025632297"
"steam_games_3997","wikidata_395","0.9179363025632297"
"steam_games_12888","wikidata_24403","0.9985829352804054"
"steam_games_128","wikidata_19523","0.9988740280675544"
"steam_games_2758","wikidata_32915","0.807610486016941"
"steam_games_6407","wikidata_19219","0.9117554087357419"
"steam_games_4924","wikidata_32945","0.9376708375049951"
"steam_games_11107","wikidata_32948","0.9983786083114069"
"steam_games_3536","wikidata_32918","0.9983786083114069"
"steam_games_12506","wikidata_22715","0.9992578957643361"
"steam_games_5971","wikidata_27586","0.9179363025632297"
"steam_games_3793","wikidata_32792","0.9019283421515317"
"steam_games_22315","wikidata_33069","0.9462140078013509"
"steam_games_22314","wikidata_33068","0.9462140078013509"
"steam_games_1867","wikidata_32662","0.9988333540398778"
"steam_games_1867","wikidata_32654","0.9988333540398778"
"steam_games_1867","wikidata_32658","0.9988333540398778"
"steam_games_1866","wikidata_32661","0.9988333540398778"
"steam_games_1866","wikidata_32653","0.9988333540398778"
"steam_games_1866","wikidata_32657","0.9988333540398778"
"steam_games_1418","wikidata_32983","0.9992578957643361"
"steam_games_21215","wikidata_33065","0.8894391414493982"
"steam_games_21216","wikidata_33066","0.8894391414493982"
"steam_games_14633","wikidata_32955","0.9988333540398778"
"steam_games_13999","wikidata_24419","0.8611233321753422"
"steam_games_25535","wikidata_33056","0.8894391414493982"
"steam_games_9718","wikidata_33057","0.9983786083114069"
"steam_games_7699","wikidata_33075","0.8894391414493982"
"steam_games_7698","wikidata_33074","0.8894391414493982"
"steam_games_131","wikidata_32429","0.9214397035110361"
"steam_games_131","wikidata_32435","0.9214397035110361"
"steam_games_4597","wikidata_32650","0.9360143564912196"
"steam_games_12059","wikidata_32984","0.9987503707626999"
"steam_games_1767","wikidata_32963","0.9988333540398778"
"steam_games_1420","wikidata_32982","0.9992578957643361"
"steam_games_42","wikidata_17337","0.9845522844788422"
"steam_games_41","wikidata_17350","0.9981001505636812"
"steam_games_41","wikidata_17340","0.9845522844788422"
"steam_games_40","wikidata_17349","0.9981001505636812"
"steam_games_40","wikidata_17338","0.9845522844788422"
"steam_games_51","wikidata_5576","0.9981001505636812"
"steam_games_49","wikidata_17329","0.9981001505636812"
"steam_games_49","wikidata_5577","0.9981001505636812"
"steam_games_50","wikidata_17331","0.9981001505636812"
"steam_games_50","wikidata_5579","0.9981001505636812"
"steam_games_56","wikidata_17345","0.9981001505636812"
"steam_games_55","wikidata_17343","0.9981001505636812"
"steam_games_44","wikidata_17335","0.9981001505636812"
"steam_games_43","wikidata_17334","0.9981001505636812"
"steam_games_28","wikidata_17338","0.9981001505636812"
"steam_games_29","wikidata_17340","0.9981001505636812"
"steam_games_1050","wikidata_19817","0.9992578957643361"
"steam_games_21175","wikidata_28450","0.9822272874432877"
"steam_games_19","wikidata_6262","0.9984443391651298"
"steam_games_20","wikidata_6261","0.9984443391651298"
"steam_games_10235","wikidata_26913","0.9827280529155882"
"steam_games_10234","wikidata_26912","0.9827280529155882"
"steam_games_121","wikidata_28347","0.9179363025632297"
"steam_games_32548","wikidata_35962","0.8894391414493982"
"steam_games_338","wikidata_28338","0.9179363025632297"
"steam_games_630","wikidata_679","0.9264741297895968"
"steam_games_708","wikidata_678","0.9988333540398778"
"steam_games_707","wikidata_679","0.9988333540398778"
"steam_games_268","wikidata_16151","0.9340180059794908"
"steam_games_1665","wikidata_29879","0.9987503707626999"
"steam_games_1664","wikidata_29877","0.9987503707626999"
"steam_games_269","wikidata_25624","0.9340180059794908"
"steam_games_272","wikidata_9741","0.9150105515392555"
"steam_games_27336","wikidata_23182","0.8894391414493982"
"steam_games_2217","wikidata_18717","0.9987603602931362"
"steam_games_2217","wikidata_18712","0.9987603602931362"
"steam_games_1222","wikidata_18702","0.998826525569786"
"steam_games_434","wikidata_9395","0.9992578957643361"
"steam_games_3341","wikidata_22674","0.9462140078013509"
"steam_games_3342","wikidata_22675","0.9462140078013509"
"steam_games_11048","wikidata_26251","0.9983786083114069"
"steam_games_11047","wikidata_26250","0.9983786083114069"
"steam_games_4027","wikidata_19710","0.770172877984729"
"steam_games_4027","wikidata_19902","0.9983786083114069"
"steam_games_2033","wikidata_19710","0.9988333540398778"
"steam_games_2033","wikidata_19906","0.706755972571499"
"steam_games_2033","wikidata_19902","0.706755972571499"
"steam_games_8869","wikidata_19710","0.770172877984729"
"steam_games_8869","wikidata_19906","0.9983786083114069"
"steam_games_11453","wikidata_19906","0.9736703447686452"
"steam_games_2757","wikidata_31400","0.9712555056725581"
"steam_games_9961","wikidata_32981","0.9983786083114069"
"steam_games_9960","wikidata_32980","0.9983786083114069"
"steam_games_238","wikidata_20125","0.9229945701441458"
"steam_games_238","wikidata_20120","0.9229945701441458"
"steam_games_239","wikidata_20126","0.9229945701441458"
"steam_games_239","wikidata_20121","0.9229945701441458"
"steam_games_239","wikidata_19234","0.8103533401273352"
"steam_games_239","wikidata_2608","0.894175388522528"
"steam_games_778","wikidata_19234","0.9910951729240923"
"steam_games_778","wikidata_2608","0.9989111787528897"
"steam_games_19889","wikidata_3071","0.8635770969282638"
"steam_games_19889","wikidata_3063","0.8635770969282638"
"steam_games_35962","wikidata_2534","0.9462140078013509"
"steam_games_9073","wikidata_22723","0.9992578957643361"
"steam_games_3312","wikidata_992","0.9318932660430185"
"steam_games_3313","wikidata_993","0.9318932660430185"
"steam_games_5085","wikidata_35225","0.8731046904688535"
"steam_games_39975","wikidata_24512","0.9985490018493909"
"steam_games_421","wikidata_3044","0.9126026178772433"
"steam_games_1760","wikidata_2554","0.869098548614105"
"steam_games_14623","wikidata_34958","0.9988333540398778"
"steam_games_311","wikidata_30839","0.9992578957643361"
"steam_games_2283","wikidata_17856","0.9988333540398778"
"steam_games_271","wikidata_2521","0.9462140078013509"
"steam_games_739","wikidata_34304","0.9992578957643361"
"steam_games_33574","wikidata_33944","0.9983786083114069"
"steam_games_2067","wikidata_25713","0.8775914603178817"
"steam_games_10007","wikidata_16174","0.8894391414493982"
"steam_games_10008","wikidata_16175","0.8894391414493982"
"steam_games_22455","wikidata_19820","0.8894391414493982"
"steam_games_668","wikidata_4745","0.9988333540398778"
"steam_games_668","wikidata_4746","0.9988333540398778"
"steam_games_673","wikidata_4745","0.770172877984729"
"steam_games_673","wikidata_4746","0.770172877984729"
"steam_games_159","wikidata_731","0.7850340306751438"
"steam_games_709","wikidata_731","0.7850340306751438"
"steam_games_81","wikidata_5273","0.9988333540398778"
"steam_games_80","wikidata_5275","0.9988333540398778"
"steam_games_1501","wikidata_6109","0.9989532406773478"
"steam_games_7897","wikidata_4485","0.9981078522585944"
"steam_games_705","wikidata_6273","0.8783255767382736"
"steam_games_705","wikidata_6274","0.8783255767382736"
"steam_games_10595","wikidata_35907","0.9992578957643361"
"steam_games_10595","wikidata_35905","0.9992578957643361"
"steam_games_10594","wikidata_35906","0.9992578957643361"
"steam_games_10594","wikidata_35904","0.9992578957643361"
"steam_games_9793","wikidata_15649","0.9983786083114069"
"steam_games_9794","wikidata_15650","0.9983786083114069"
"steam_games_1950","wikidata_15670","0.9992578957643361"
"steam_games_1561","wikidata_15751","0.9981356869448944"
"steam_games_64","wikidata_15390","0.8728344607200623"
"steam_games_63","wikidata_15389","0.8728344607200623"
"steam_games_61","wikidata_29040","0.9981001505636812"
"steam_games_1972","wikidata_18130","0.8655680884932504"
"steam_games_1972","wikidata_18120","0.8655680884932504"
"steam_games_5952","wikidata_21530","0.9982148179468365"
"steam_games_5952","wikidata_21521","0.9982148179468365"
"steam_games_606","wikidata_15705","0.9988333540398778"
"steam_games_606","wikidata_15710","0.9988333540398778"
"steam_games_20846","wikidata_31310","0.8755190167820256"
"steam_games_20846","wikidata_31306","0.8755190167820256"
"steam_games_32724","wikidata_24444","0.9983786083114069"
"steam_games_611","wikidata_4716","0.9778920432369843"
"steam_games_611","wikidata_4726","0.9979749847269382"
"steam_games_611","wikidata_4660","0.9778920432369843"
"steam_games_611","wikidata_4630","0.9778920432369843"
"steam_games_611","wikidata_4620","0.9979749847269382"
"steam_games_611","wikidata_4650","0.95417954742618"
"steam_games_611","wikidata_4640","0.9778920432369843"
"steam_games_611","wikidata_2567","0.95417954742618"
"steam_games_611","wikidata_2584","0.9778920432369843"
"steam_games_1695","wikidata_18939","0.9179363025632297"
"steam_games_1695","wikidata_9577","0.9179363025632297"
"steam_games_1695","wikidata_9553","0.9179363025632297"
"steam_games_796","wikidata_18762","0.9229945701441458"
"steam_games_796","wikidata_18769","0.9229945701441458"
"steam_games_779","wikidata_18762","0.894175388522528"
"steam_games_779","wikidata_18769","0.894175388522528"
"steam_games_779","wikidata_2895","0.7141001151205422"
"steam_games_779","wikidata_2881","0.7141001151205422"
"steam_games_779","wikidata_2888","0.7141001151205422"
"steam_games_779","wikidata_2846","0.7679244791532576"
"steam_games_779","wikidata_2874","0.7141001151205422"
"steam_games_779","wikidata_15457","0.9229945701441458"
"steam_games_779","wikidata_15448","0.9229945701441458"
"steam_games_8368","wikidata_33378","0.9980194999478321"
"steam_games_8369","wikidata_33380","0.9980194999478321"
"steam_games_2962","wikidata_17399","0.9980446099104001"
"steam_games_2962","wikidata_17386","0.9980446099104001"
"steam_games_2961","wikidata_17397","0.9980446099104001"
"steam_games_2961","wikidata_17384","0.9980446099104001"
"steam_games_23823","wikidata_17409","0.9979952868243103"
"steam_games_23823","wikidata_17414","0.9979952868243103"
"steam_games_23822","wikidata_17408","0.9979952868243103"
"steam_games_23822","wikidata_17413","0.9979952868243103"
"steam_games_3783","wikidata_31477","0.9977557391091235"
"steam_games_3783","wikidata_31468","0.9977557391091235"
"steam_games_33133","wikidata_35435","0.7033097334610274"
"steam_games_18706","wikidata_35435","0.8596974240592663"
"steam_games_28882","wikidata_35435","0.9992578957643361"
"steam_games_2263","wikidata_21308","0.8117192449561423"
"steam_games_2263","wikidata_21305","0.9462140078013509"
"steam_games_2264","wikidata_21308","0.9462140078013509"
"steam_games_2264","wikidata_21305","0.8117192449561423"
"steam_games_2241","wikidata_25403","0.9462140078013509"
"steam_games_5826","wikidata_18254","0.9200111335064546"
"steam_games_5826","wikidata_18248","0.9200111335064546"
"steam_games_795","wikidata_321","0.9121671905219848"
"steam_games_795","wikidata_329","0.9121671905219848"
"steam_games_795","wikidata_337","0.9121671905219848"
"steam_games_795","wikidata_28810","0.8843252161270013"
"steam_games_795","wikidata_28796","0.9985848370058055"
"steam_games_794","wikidata_342","0.9121671905219848"
"steam_games_794","wikidata_326","0.8959635828922309"
"steam_games_794","wikidata_334","0.9121671905219848"
"steam_games_794","wikidata_28805","0.9021435138658368"
"steam_games_794","wikidata_28801","0.9982939465401213"
"steam_games_800","wikidata_376","0.9989111787528897"
"steam_games_800","wikidata_17804","0.9989111787528897"
"steam_games_800","wikidata_17796","0.9989111787528897"
"steam_games_800","wikidata_387","0.9989111787528897"
"steam_games_29792","wikidata_9551","0.9090906938908535"
"steam_games_29794","wikidata_23390","0.9090906938908535"
"steam_games_32264","wikidata_29811","0.9980248626024875"
"steam_games_11336","wikidata_19348","0.8852830142860474"
"steam_games_26558","wikidata_35092","0.720499477263738"
"steam_games_12246","wikidata_35077","0.8936474782355402"
"steam_games_12246","wikidata_35082","0.8936474782355402"
"steam_games_12244","wikidata_35078","0.8936474782355402"
"steam_games_12244","wikidata_35083","0.8936474782355402"
"steam_games_12245","wikidata_35087","0.8936474782355402"
"steam_games_12245","wikidata_35085","0.8936474782355402"
"steam_games_19568","wikidata_35103","0.9980080705569402"
"steam_games_19568","wikidata_35098","0.9980080705569402"
"steam_games_19567","wikidata_35102","0.9980080705569402"
"steam_games_19567","wikidata_35097","0.9980080705569402"
"steam_games_6282","wikidata_35078","0.9478818117845478"
"steam_games_6282","wikidata_35083","0.9478818117845478"
"steam_games_6283","wikidata_35087","0.9478818117845478"
"steam_games_6283","wikidata_35085","0.9478818117845478"
"steam_games_18411","wikidata_35092","0.9990319493848147"
"steam_games_21657","wikidata_4898","0.8835718309307252"
"steam_games_7896","wikidata_13902","0.9179363025632297"
"steam_games_34936","wikidata_10822","0.8819612764980435"
"steam_games_30746","wikidata_10822","0.9988333540398778"
"steam_games_35433","wikidata_10822","0.9509215083008201"
"steam_games_20587","wikidata_16782","0.9984361562726681"
"steam_games_20588","wikidata_16783","0.9984361562726681"
"steam_games_29942","wikidata_24498","0.9988333540398778"
"steam_games_13425","wikidata_30059","0.9992578957643361"
"steam_games_13424","wikidata_30058","0.9992578957643361"
"steam_games_3105","wikidata_4582","0.9179363025632297"
"steam_games_3104","wikidata_4581","0.9179363025632297"
"steam_games_2895","wikidata_32115","0.9974523278067401"
"steam_games_2895","wikidata_34879","0.8912837959362288"
"steam_games_3695","wikidata_32115","0.9006208034873749"
"steam_games_3695","wikidata_34879","0.9981877791690186"
"steam_games_1102","wikidata_21486","0.9980989305561615"
"steam_games_262","wikidata_19067","0.8727630545855052"
"steam_games_13845","wikidata_26812","0.9983786083114069"
"steam_games_501","wikidata_7490","0.9179363025632297"
"steam_games_502","wikidata_7487","0.9179363025632297"
"steam_games_509","wikidata_5775","0.9988333540398778"
"steam_games_3856","wikidata_24354","0.8894391414493982"
"steam_games_13054","wikidata_24451","0.9983786083114069"
"steam_games_504","wikidata_7440","0.9179363025632297"
"steam_games_505","wikidata_7441","0.9179363025632297"
"steam_games_3440","wikidata_23159","0.9214888588138769"
"steam_games_3440","wikidata_23157","0.9214888588138769"
"steam_games_687","wikidata_16183","0.9988333540398778"
"steam_games_541","wikidata_16176","0.8567663049135673"
"steam_games_8885","wikidata_18536","0.9987301812704126"
"steam_games_8886","wikidata_18537","0.9987301812704126"
"steam_games_1194","wikidata_18532","0.8829378100843284"
"steam_games_1193","wikidata_18530","0.8829378100843284"
"steam_games_18269","wikidata_16803","0.9992578957643361"
"steam_games_5182","wikidata_28248","0.9304718031784911"
"steam_games_5181","wikidata_28247","0.9304718031784911"
"steam_games_12083","wikidata_28247","0.7824474616839779"
"steam_games_12083","wikidata_28140","0.934057037422881"
"steam_games_12084","wikidata_28248","0.7824474616839779"
"steam_games_12080","wikidata_28247","0.7824474616839779"
"steam_games_12081","wikidata_28248","0.7824474616839779"
"steam_games_12086","wikidata_28045","0.9462140078013509"
"steam_games_12086","wikidata_28247","0.7836558293325426"
"steam_games_412","wikidata_15745","0.9179363025632297"
"steam_games_1694","wikidata_15734","0.9982757539288059"
"steam_games_411","wikidata_15735","0.9336426259187096"
"steam_games_410","wikidata_20065","0.9179363025632297"
"steam_games_1023","wikidata_34029","0.9984474706420821"
"steam_games_962","wikidata_27912","0.8791349618388489"
"steam_games_962","wikidata_27909","0.8791349618388489"
"steam_games_961","wikidata_27905","0.9226158287886166"
"steam_games_35629","wikidata_12668","0.8432764209002725"
"steam_games_776","wikidata_22632","0.9983786083114069"
"steam_games_2548","wikidata_18673","0.9190792681530898"
"steam_games_4627","wikidata_14111","0.9980476942097685"
"steam_games_5811","wikidata_14169","0.9880254361703062"
"steam_games_5811","wikidata_14164","0.9989133983258399"
"steam_games_5811","wikidata_14159","0.9955808439238095"
"steam_games_28591","wikidata_21981","0.965818596115178"
"steam_games_28646","wikidata_21987","0.9300445779257834"
"steam_games_28646","wikidata_21988","0.9508449029102696"
"steam_games_28645","wikidata_21987","0.9598172740288171"
"steam_games_28645","wikidata_21988","0.8927006937530161"
"steam_games_684","wikidata_16342","0.8739649399088137"
"steam_games_1157","wikidata_16370","0.9826138904144429"
"steam_games_1157","wikidata_16369","0.997858057212707"
"steam_games_2807","wikidata_5800","0.7604227180818709"
"steam_games_1309","wikidata_5800","0.9990064254014694"
"steam_games_1307","wikidata_5800","0.8868314005011978"
"steam_games_10254","wikidata_18060","0.9992578957643361"
"steam_games_12433","wikidata_26247","0.8894391414493982"
"steam_games_9838","wikidata_26200","0.8894391414493982"
"steam_games_2656","wikidata_8090","0.9377557825114395"
"steam_games_2655","wikidata_8089","0.9377557825114395"
"steam_games_1281","wikidata_6096","0.8707722611967729"
"steam_games_1281","wikidata_6093","0.8707722611967729"
"steam_games_1281","wikidata_6092","0.8707722611967729"
"steam_games_1281","wikidata_28323","0.9988333540398778"
"steam_games_1281","wikidata_6094","0.7866974052223091"
"steam_games_537","wikidata_20736","0.8888753824824747"
"steam_games_2421","wikidata_35976","0.9988333540398778"
"steam_games_2420","wikidata_35975","0.9988333540398778"
"steam_games_15823","wikidata_15363","0.9983786083114069"
"steam_games_15822","wikidata_15362","0.9983786083114069"
"steam_games_11108","wikidata_32995","0.9249652871555077"
"steam_games_865","wikidata_35107","0.9992578957643361"
"steam_games_1019","wikidata_19291","0.9989296590321001"
"steam_games_14709","wikidata_17106","0.9992578957643361"
"steam_games_10026","wikidata_13760","0.8733685227289588"
"steam_games_10025","wikidata_13758","0.8733685227289588"
"steam_games_23544","wikidata_13820","0.9155913248600663"
"steam_games_23544","wikidata_13813","0.9992578957643361"
"steam_games_2222","wikidata_8629","0.9992578957643361"
"steam_games_18633","wikidata_33497","0.9179363025632297"
"steam_games_6301","wikidata_35924","0.9179363025632297"
"steam_games_6300","wikidata_35923","0.9179363025632297"
"steam_games_5689","wikidata_16937","0.9986270896782355"
"steam_games_1291","wikidata_20390","0.8904419313396219"
"steam_games_16138","wikidata_19983","0.8894391414493982"
"steam_games_16137","wikidata_19982","0.8894391414493982"
"steam_games_12991","wikidata_35938","0.9974523278067401"
"steam_games_520","wikidata_24897","0.8966273780094332"
"steam_games_521","wikidata_24898","0.8966273780094332"
"steam_games_20574","wikidata_33028","0.9980895050523405"
"steam_games_22214","wikidata_35928","0.9974523278067401"
"steam_games_22213","wikidata_35927","0.9974523278067401"
"steam_games_4356","wikidata_24214","0.9912848940897249"
"steam_games_4356","wikidata_24208","0.9912848940897249"
"steam_games_8834","wikidata_24214","0.9669935888765212"
"steam_games_8834","wikidata_24208","0.9669935888765212"
"steam_games_8834","wikidata_11724","0.9233382975897939"
"steam_games_13622","wikidata_16668","0.8929486766354551"
"steam_games_1205","wikidata_16672","0.9988333540398778"
"steam_games_1204","wikidata_16762","0.9179363025632297"
"steam_games_1207","wikidata_16655","0.9179363025632297"
"steam_games_1206","wikidata_16764","0.9179363025632297"
"steam_games_1208","wikidata_16658","0.9179363025632297"
"steam_games_3499","wikidata_16758","0.9917935065205806"
"steam_games_36754","wikidata_16567","0.9362556049321784"
"steam_games_36755","wikidata_16569","0.9362556049321784"
"steam_games_36756","wikidata_16570","0.9362556049321784"
"steam_games_36757","wikidata_16571","0.9362556049321784"
"steam_games_1298","wikidata_16507","0.8894391414493982"
"steam_games_1298","wikidata_16506","0.8894391414493982"
"steam_games_7747","wikidata_16599","0.8685525484398404"
"steam_games_173","wikidata_16796","0.9988680074541346"
"steam_games_171","wikidata_16768","0.9975279009427299"
"steam_games_29112","wikidata_16810","0.9988333540398778"
"steam_games_8757","wikidata_16633","0.9350874115234771"
"steam_games_1837","wikidata_16510","0.9359099182810513"
"steam_games_1836","wikidata_16509","0.9359099182810513"
"steam_games_2148","wikidata_4556","0.7117629638927102"
"steam_games_2149","wikidata_4557","0.7117629638927102"
"steam_games_1910","wikidata_4557","0.9988333540398778"
"steam_games_1909","wikidata_4556","0.9988333540398778"
"steam_games_36011","wikidata_27249","0.9983786083114069"
"steam_games_2526","wikidata_21492","0.9739133565547258"
"steam_games_2526","wikidata_2962","0.901469805087507"
"steam_games_8158","wikidata_21160","0.9983939492427355"
"steam_games_8158","wikidata_21159","0.9983939492427355"
"steam_games_16322","wikidata_21082","0.8903720407329873"
"steam_games_25358","wikidata_4670","0.8894391414493982"
"steam_games_9353","wikidata_27540","0.9983786083114069"
"steam_games_20824","wikidata_10754","0.9989342601411714"
"steam_games_20824","wikidata_32331","0.969863228319537"
"steam_games_8539","wikidata_5863","0.8894391414493982"
"steam_games_35656","wikidata_18447","0.9988333540398778"
"steam_games_35655","wikidata_18446","0.9988333540398778"
"steam_games_538","wikidata_17573","0.9988333540398778"
"steam_games_685","wikidata_28480","0.9988333540398778"
"steam_games_685","wikidata_28471","0.9988333540398778"
"steam_games_1160","wikidata_28603","0.7686684543549511"
"steam_games_1160","wikidata_28604","0.8585720388901914"
"steam_games_1160","wikidata_29394","0.9988333540398778"
"steam_games_5427","wikidata_25822","0.8913431411248076"
"steam_games_24924","wikidata_24458","0.9179363025632297"
"steam_games_7065","wikidata_34672","0.8894391414493982"
"steam_games_7066","wikidata_34673","0.8894391414493982"
"steam_games_900","wikidata_35253","0.9991094625684489"
"steam_games_2136","wikidata_26711","0.8567663049135673"
"steam_games_450","wikidata_728","0.9264741297895968"
"steam_games_17961","wikidata_24713","0.9981356869448944"
"steam_games_5651","wikidata_26207","0.905986490168129"
"steam_games_4143","wikidata_31155","0.9991043451970697"
"steam_games_9485","wikidata_10450","0.7041212685228119"
"steam_games_9485","wikidata_10446","0.7041212685228119"
"steam_games_9484","wikidata_10449","0.7041212685228119"
"steam_games_9484","wikidata_10445","0.7041212685228119"
"steam_games_28235","wikidata_34715","0.9983786083114069"
"steam_games_1228","wikidata_5748","0.9462140078013509"
"steam_games_9487","wikidata_26975","0.8894391414493982"
"steam_games_29791","wikidata_24479","0.9974523278067401"
"steam_games_494","wikidata_32259","0.9331299851664783"
"steam_games_494","wikidata_4666","0.9331299851664783"
"steam_games_496","wikidata_33927","0.933681034116993"
"steam_games_6942","wikidata_28242","0.9982231702998401"
"steam_games_4774","wikidata_34675","0.8894391414493982"
"steam_games_11584","wikidata_15960","0.9992578957643361"
"steam_games_11585","wikidata_15961","0.9992578957643361"
"steam_games_447","wikidata_35316","0.9981768264313591"
"steam_games_446","wikidata_35319","0.9981768264313591"
"steam_games_5466","wikidata_34052","0.8894391414493982"
"steam_games_2092","wikidata_34309","0.9985411721065245"
"steam_games_12300","wikidata_19964","0.9983786083114069"
"steam_games_2691","wikidata_19764","0.8786756733432355"
"steam_games_18701","wikidata_15302","0.9992578957643361"
"steam_games_33835","wikidata_35313","0.9983786083114069"
"steam_games_31908","wikidata_32210","0.9988333540398778"
"steam_games_31909","wikidata_32211","0.9988333540398778"
"steam_games_33116","wikidata_32230","0.8894391414493982"
"steam_games_6991","wikidata_26525","0.9983786083114069"
"steam_games_30793","wikidata_26533","0.9591448442211435"
"steam_games_2638","wikidata_30690","0.9462140078013509"
"steam_games_2639","wikidata_30692","0.9462140078013509"
"steam_games_13443","wikidata_34753","0.9983786083114069"
"steam_games_13442","wikidata_34752","0.9983786083114069"
"steam_games_180","wikidata_20663","0.9587851358872825"
"steam_games_180","wikidata_2173","0.9587851358872825"
"steam_games_181","wikidata_20665","0.9587851358872825"
"steam_games_181","wikidata_2175","0.9587851358872825"
"steam_games_12637","wikidata_26961","0.9992578957643361"
"steam_games_69","wikidata_30118","0.8728344607200623"
"steam_games_70","wikidata_30115","0.8728344607200623"
"steam_games_11724","wikidata_12395","0.9981892045597529"
"steam_games_19886","wikidata_5663","0.932042788917607"
"steam_games_22259","wikidata_4454","0.9028300044832599"
"steam_games_53","wikidata_5505","0.8728344607200623"
"steam_games_52","wikidata_5503","0.8728344607200623"
"steam_games_10171","wikidata_21325","0.9988333540398778"
"steam_games_10171","wikidata_21328","0.9988333540398778"
"steam_games_6359","wikidata_26705","0.9983786083114069"
"steam_games_2522","wikidata_21322","0.998892433181166"
"steam_games_2029","wikidata_26691","0.998870734900197"
"steam_games_26763","wikidata_11956","0.8894391414493982"
"steam_games_37619","wikidata_17997","0.989242789230999"
"steam_games_29961","wikidata_17997","0.9979924807364062"
"steam_games_1926","wikidata_26707","0.9992578957643361"
"steam_games_1380","wikidata_27656","0.9982074507637426"
"steam_games_464","wikidata_29836","0.8615005334339577"
"steam_games_459","wikidata_34127","0.9179363025632297"
"steam_games_457","wikidata_18313","0.8780952386813765"
"steam_games_823","wikidata_22544","0.9988333540398778"
"steam_games_277","wikidata_1111","0.9462140078013509"
"steam_games_432","wikidata_23904","0.7478931309511861"
"steam_games_2543","wikidata_21264","0.9974523278067401"
"steam_games_5152","wikidata_29750","0.8894391414493982"
"steam_games_1268","wikidata_6051","0.9988333540398778"
"steam_games_193","wikidata_1684","0.9325353963967274"
"steam_games_194","wikidata_1687","0.9325353963967274"
"steam_games_578","wikidata_34563","0.8474546246647614"
"steam_games_578","wikidata_4500","0.7062456270735692"
"steam_games_5012","wikidata_35908","0.7646879429338957"
"steam_games_18506","wikidata_17146","0.9983786083114069"
"steam_games_5003","wikidata_35908","0.9992578957643361"
"steam_games_659","wikidata_4507","0.998926580607455"
"steam_games_659","wikidata_4503","0.998926580607455"
"steam_games_8824","wikidata_1012","0.7220809361968599"
"steam_games_13527","wikidata_9444","0.9989278130372194"
"steam_games_15576","wikidata_5901","0.9990444143052232"
"steam_games_2706","wikidata_26951","0.9462140078013509"
"steam_games_1599","wikidata_4122","0.9988333540398778"
"steam_games_110","wikidata_26992","0.9375173732367503"
"steam_games_110","wikidata_26986","0.9375173732367503"
"steam_games_110","wikidata_27002","0.99287373606632"
"steam_games_110","wikidata_27000","0.99287373606632"
"steam_games_120","wikidata_27002","0.999130019591319"
"steam_games_120","wikidata_27000","0.999130019591319"
"steam_games_117","wikidata_26984","0.9375173732367503"
"steam_games_4367","wikidata_988","0.9179363025632297"
"steam_games_116","wikidata_35825","0.9375173732367503"
"steam_games_7892","wikidata_5835","0.8385252120933055"
"steam_games_320","wikidata_9756","0.9982686189121824"
"steam_games_76","wikidata_15647","0.9986131519309314"
"steam_games_1816","wikidata_29159","0.9982025342283427"
"steam_games_467","wikidata_18748","0.885456744025989"
"steam_games_341","wikidata_18343","0.9988333540398778"
"steam_games_8220","wikidata_13242","0.9982394737103099"
"steam_games_16218","wikidata_4335","0.9462140078013509"
"steam_games_34528","wikidata_15358","0.9519638060451839"
"steam_games_619","wikidata_14507","0.9904640236309871"
"steam_games_619","wikidata_14503","0.9904640236309871"
"steam_games_12519","wikidata_14571","0.9853807019947682"
"steam_games_1869","wikidata_14511","0.9988921285942068"
"steam_games_1223","wikidata_17787","0.894565811440141"
"steam_games_1223","wikidata_17784","0.9982683678424685"
"steam_games_592","wikidata_17768","0.8609888357565"
"steam_games_590","wikidata_17776","0.8609888357565"
"steam_games_2351","wikidata_27572","0.9988333540398778"
"steam_games_2609","wikidata_28818","0.8894391414493982"
"steam_games_15090","wikidata_27547","0.8894391414493982"
"steam_games_15089","wikidata_27546","0.8894391414493982"
"steam_games_78","wikidata_12563","0.9992578957643361"
"steam_games_78","wikidata_12566","0.9992578957643361"
"steam_games_77","wikidata_12565","0.9992578957643361"
"steam_games_77","wikidata_12562","0.9992578957643361"
"steam_games_334","wikidata_34163","0.8806873093748167"
"steam_games_334","wikidata_34158","0.9162809128147347"
"steam_games_4162","wikidata_16536","0.7316434403927189"
"steam_games_4162","wikidata_16703","0.9196257859961915"
"steam_games_4161","wikidata_16536","0.9364613124198448"
"steam_games_15667","wikidata_27758","0.9989552840807526"
"steam_games_29451","wikidata_27765","0.9983786083114069"
"steam_games_10909","wikidata_14825","0.862415109488364"
"steam_games_10908","wikidata_14829","0.862415109488364"
"steam_games_1650","wikidata_18815","0.9980360556445967"
"steam_games_9137","wikidata_27743","0.7022620902436004"
"steam_games_1294","wikidata_16494","0.9462140078013509"
"steam_games_1295","wikidata_16496","0.9462140078013509"
"steam_games_17","wikidata_25884","0.9981001505636812"
"steam_games_16","wikidata_25883","0.9981001505636812"
"steam_games_977","wikidata_22642","0.9988333540398778"
"steam_games_977","wikidata_22641","0.9988333540398778"
"steam_games_7918","wikidata_27743","0.9984215994743215"
"steam_games_635","wikidata_26049","0.9787581959362638"
"steam_games_9058","wikidata_25176","0.9859743037198417"
"steam_games_17829","wikidata_25176","0.9811350245713215"
"steam_games_5040","wikidata_4374","0.9977471254482148"
"steam_games_16592","wikidata_18440","0.9983786083114069"
"steam_games_14822","wikidata_28173","0.8894391414493982"
"steam_games_27469","wikidata_16847","0.8894391414493982"
"steam_games_5528","wikidata_25032","0.905986490168129"
"steam_games_5527","wikidata_25030","0.905986490168129"
"steam_games_637","wikidata_28145","0.998148876305099"
"steam_games_4077","wikidata_34668","0.9974523278067401"
"steam_games_4076","wikidata_34667","0.9974523278067401"
"steam_games_1737","wikidata_33110","0.8664967586306827"
"steam_games_23124","wikidata_10849","0.9983786083114069"
"steam_games_281","wikidata_19100","0.9336342751299302"
"steam_games_9270","wikidata_24239","0.9992578957643361"
"steam_games_12516","wikidata_33785","0.9992578957643361"
"steam_games_12515","wikidata_33784","0.9992578957643361"
"steam_games_5434","wikidata_18937","0.9462140078013509"
"steam_games_3228","wikidata_27916","0.9462140078013509"
"steam_games_214","wikidata_452","0.9992578957643361"
"steam_games_214","wikidata_453","0.9992578957643361"
"steam_games_214","wikidata_454","0.9992578957643361"
"steam_games_214","wikidata_451","0.9992578957643361"
"steam_games_214","wikidata_758","0.9756290347229712"
"steam_games_214","wikidata_747","0.9756290347229712"
"steam_games_28228","wikidata_24602","0.9988333540398778"
"steam_games_28227","wikidata_24601","0.9988333540398778"
"steam_games_2673","wikidata_32952","0.9983786083114069"
"steam_games_348","wikidata_16064","0.9166744568063516"
"steam_games_5382","wikidata_17475","0.9982433883122562"
"steam_games_5382","wikidata_17468","0.9982433883122562"
"steam_games_1777","wikidata_17458","0.9988333540398778"
"steam_games_1226","wikidata_17456","0.9988138077794761"
"steam_games_162","wikidata_19608","0.9462140078013509"
"steam_games_2978","wikidata_17448","0.9983693222756491"
"steam_games_2098","wikidata_17442","0.8888753824824747"
"steam_games_2098","wikidata_17438","0.8888753824824747"
"steam_games_1367","wikidata_25522","0.8832338605076755"
"steam_games_783","wikidata_4774","0.8894391414493982"
"steam_games_1708","wikidata_28025","0.9991123418935113"
"steam_games_1708","wikidata_28026","0.9430706209659263"
"steam_games_1024","wikidata_28096","0.7714689858077253"
"steam_games_383","wikidata_16500","0.7062456270735692"
"steam_games_383","wikidata_16499","0.7062456270735692"
"steam_games_8014","wikidata_26311","0.9669935888765212"
"steam_games_8013","wikidata_26310","0.9669935888765212"
"steam_games_386","wikidata_3165","0.7938177316288555"
"steam_games_386","wikidata_3167","0.7938177316288555"
"steam_games_386","wikidata_3169","0.7938177316288555"
"steam_games_387","wikidata_3165","0.8454892987348669"
"steam_games_387","wikidata_3167","0.8454892987348669"
"steam_games_387","wikidata_3169","0.8454892987348669"
"steam_games_385","wikidata_16518","0.9462140078013509"
"steam_games_385","wikidata_3165","0.7938177316288555"
"steam_games_385","wikidata_3167","0.7938177316288555"
"steam_games_385","wikidata_3169","0.7938177316288555"
"steam_games_388","wikidata_3165","0.9990640713312674"
"steam_games_388","wikidata_3167","0.9990640713312674"
"steam_games_388","wikidata_3169","0.9896702697649478"
"steam_games_30442","wikidata_14836","0.7174883829344441"
"steam_games_30442","wikidata_14833","0.7174883829344441"
"steam_games_29017","wikidata_14836","0.998046902466175"
"steam_games_29017","wikidata_14833","0.998046902466175"
"steam_games_31372","wikidata_14836","0.8670726406877278"
"steam_games_31372","wikidata_14833","0.8670726406877278"
"steam_games_6120","wikidata_24334","0.9992578957643361"
"steam_games_2524","wikidata_26306","0.9992578957643361"
"steam_games_2523","wikidata_26305","0.9992578957643361"
"steam_games_12502","wikidata_33037","0.9988333540398778"
"steam_games_12503","wikidata_33038","0.9988333540398778"
"steam_games_6550","wikidata_28239","0.9988333540398778"
"steam_games_2270","wikidata_28200","0.8521189708976301"
"steam_games_2271","wikidata_28201","0.8521189708976301"
"steam_games_2456","wikidata_28201","0.9988333540398778"
"steam_games_2455","wikidata_28200","0.9988333540398778"
"steam_games_1161","wikidata_29443","0.8502452160371409"
"steam_games_577","wikidata_26616","0.9239538517043098"
"steam_games_577","wikidata_31143","0.9239538517043098"
"steam_games_197","wikidata_35577","0.9877850880276102"
"steam_games_197","wikidata_15","0.9462140078013509"
"steam_games_198","wikidata_35576","0.99697870257944"
"steam_games_196","wikidata_35576","0.9877850880276102"
"steam_games_196","wikidata_14","0.9462140078013509"
"steam_games_330","wikidata_30971","0.9986320775378513"
"steam_games_329","wikidata_30970","0.9986320775378513"
"steam_games_526","wikidata_14","0.8117192449561423"
"steam_games_527","wikidata_15","0.8117192449561423"
"steam_games_199","wikidata_35775","0.9007332891593003"
"steam_games_199","wikidata_35783","0.7649429877145331"
"steam_games_1060","wikidata_35330","0.9988873457935896"
"steam_games_2363","wikidata_32775","0.9991072417453349"
"steam_games_2364","wikidata_32776","0.9991072417453349"
"steam_games_1405","wikidata_22695","0.9992578957643361"
"steam_games_5611","wikidata_33768","0.9231390671429047"
"steam_games_1462","wikidata_24857","0.8894391414493982"
"steam_games_3992","wikidata_25653","0.8955313244102362"
"steam_games_2634","wikidata_28003","0.9982451667753518"
"steam_games_2634","wikidata_27998","0.8933016727917884"
"steam_games_5893","wikidata_28008","0.9982451667753518"
"steam_games_186","wikidata_27994","0.9172161575305446"
"steam_games_9424","wikidata_20754","0.8955313244102362"
"steam_games_9424","wikidata_28258","0.9984782216033945"
"steam_games_861","wikidata_20757","0.9440383186859609"
"steam_games_861","wikidata_20748","0.9440383186859609"
"steam_games_861","wikidata_20747","0.9979756183249127"
"steam_games_862","wikidata_20751","0.9979756183249127"
"steam_games_851","wikidata_31259","0.9988333540398778"
"steam_games_851","wikidata_2043","0.9952564734762547"
"steam_games_1975","wikidata_19129","0.8567663049135673"
"steam_games_18174","wikidata_34709","0.9983786083114069"
"steam_games_1369","wikidata_31079","0.9666313922295265"
"steam_games_6812","wikidata_34649","0.9988333540398778"
"steam_games_21105","wikidata_34706","0.9978421848020426"
"steam_games_15981","wikidata_33220","0.9988333540398778"
"steam_games_15981","wikidata_33223","0.9988333540398778"
"steam_games_1978","wikidata_21453","0.9988333540398778"
"steam_games_32996","wikidata_35411","0.8710450185930435"
"steam_games_23482","wikidata_30457","0.9983786083114069"
"steam_games_19805","wikidata_19875","0.9992578957643361"
"steam_games_19804","wikidata_19874","0.9992578957643361"
"steam_games_1680","wikidata_28979","0.9762426950877197"
"steam_games_1680","wikidata_28993","0.9978205707210629"
"steam_games_1680","wikidata_28986","0.8707722611967729"
"steam_games_13860","wikidata_26242","0.9988333540398778"
"steam_games_22238","wikidata_26540","0.8948103065817302"
"steam_games_22239","wikidata_26542","0.8948103065817302"
"steam_games_1195","wikidata_25075","0.9981829350768813"
"steam_games_4205","wikidata_35934","0.9988333540398778"
"steam_games_4204","wikidata_35933","0.9988333540398778"
"steam_games_10328","wikidata_34690","0.9992578957643361"
"steam_games_10327","wikidata_34689","0.9992578957643361"
"steam_games_5177","wikidata_22151","0.9200111335064546"
"steam_games_536","wikidata_20695","0.998671068061193"
"steam_games_644","wikidata_5601","0.9178239031166822"
"steam_games_32592","wikidata_27803","0.9007332891593003"
"steam_games_32592","wikidata_27802","0.9007332891593003"
"steam_games_32592","wikidata_27805","0.9006208034873749"
"steam_games_1870","wikidata_21895","0.8597582317659044"
"steam_games_1870","wikidata_21896","0.8597582317659044"
"steam_games_1870","wikidata_21796","0.9977939665467908"
"steam_games_1870","wikidata_21791","0.9977939665467908"
"steam_games_1511","wikidata_24644","0.8894391414493982"
"steam_games_1510","wikidata_24643","0.8894391414493982"
"steam_games_1153","wikidata_28439","0.9988333540398778"
"steam_games_15024","wikidata_27552","0.8894391414493982"
"steam_games_15025","wikidata_27553","0.8894391414493982"
"steam_games_31806","wikidata_1168","0.9252544053805762"
"steam_games_31806","wikidata_34","0.9252544053805762"
"steam_games_243","wikidata_768","0.893573446320377"
"steam_games_243","wikidata_770","0.893573446320377"
"steam_games_241","wikidata_26448","0.893573446320377"
"steam_games_241","wikidata_1153","0.893573446320377"
"steam_games_242","wikidata_769","0.893573446320377"
"steam_games_242","wikidata_767","0.893573446320377"
"steam_games_240","wikidata_26450","0.893573446320377"
"steam_games_240","wikidata_1152","0.893573446320377"
"steam_games_786","wikidata_516","0.9229945701441458"
"steam_games_786","wikidata_517","0.9229945701441458"
"steam_games_1848","wikidata_31414","0.8808202116614305"
"steam_games_1848","wikidata_29863","0.8550503861265754"
"steam_games_1848","wikidata_29859","0.8550503861265754"
"steam_games_1848","wikidata_29855","0.8808202116614305"
"steam_games_1848","wikidata_29875","0.8808202116614305"
"steam_games_1848","wikidata_29871","0.8808202116614305"
"steam_games_1847","wikidata_31413","0.8808202116614305"
"steam_games_1847","wikidata_29862","0.8550503861265754"
"steam_games_1847","wikidata_29858","0.8550503861265754"
"steam_games_1847","wikidata_29854","0.8808202116614305"
"steam_games_1847","wikidata_29874","0.8808202116614305"
"steam_games_1847","wikidata_29870","0.8808202116614305"
"steam_games_237","wikidata_20790","0.9462140078013509"
"steam_games_19873","wikidata_29587","0.8102863097698292"
"steam_games_19873","wikidata_29585","0.8102863097698292"
"steam_games_19873","wikidata_29583","0.8102863097698292"
"steam_games_19873","wikidata_29579","0.934454369355716"
"steam_games_782","wikidata_17910","0.9229945701441458"
"steam_games_799","wikidata_16867","0.9982355183027825"
"steam_games_791","wikidata_2075","0.8530997526096978"
"steam_games_791","wikidata_894","0.8103533401273352"
"steam_games_12204","wikidata_27800","0.9007332891593003"
"steam_games_12204","wikidata_27787","0.9007332891593003"
"steam_games_8785","wikidata_32790","0.8749967938382729"
"steam_games_9657","wikidata_23238","0.9119207134653362"
"steam_games_7556","wikidata_27769","0.8894391414493982"
"steam_games_7555","wikidata_27768","0.8894391414493982"
"steam_games_3008","wikidata_19835","0.9992578957643361"
"steam_games_33312","wikidata_24560","0.9982686189121824"
"steam_games_33311","wikidata_24514","0.9982686189121824"
"steam_games_18408","wikidata_24412","0.9992578957643361"
"steam_games_26682","wikidata_24492","0.8633124793268241"
"steam_games_15058","wikidata_24626","0.8894391414493982"
"steam_games_999","wikidata_22917","0.9975666489368631"
"steam_games_344","wikidata_22805","0.8716999390338692"
"steam_games_1968","wikidata_24111","0.9179363025632297"
"steam_games_1967","wikidata_24110","0.9179363025632297"
"steam_games_8948","wikidata_24541","0.9988333540398778"
"steam_games_5603","wikidata_24461","0.9991225517411912"
"steam_games_2179","wikidata_22784","0.9988333540398778"
"steam_games_2180","wikidata_22785","0.9988333540398778"
"steam_games_2256","wikidata_24414","0.9975371889697262"
"steam_games_23187","wikidata_24482","0.9983786083114069"
"steam_games_7259","wikidata_24509","0.9006208034873749"
"steam_games_7262","wikidata_24509","0.7958247431536568"
"steam_games_7263","wikidata_24510","0.7958247431536568"
"steam_games_7260","wikidata_24510","0.9006208034873749"
"steam_games_6955","wikidata_24510","0.9983786083114069"
"steam_games_6954","wikidata_24509","0.9983786083114069"
"steam_games_5954","wikidata_27775","0.8894391414493982"
"steam_games_5953","wikidata_27774","0.8894391414493982"
"steam_games_26098","wikidata_24590","0.9179363025632297"
"steam_games_3855","wikidata_24262","0.9462140078013509"
"steam_games_28644","wikidata_24454","0.9988728732877872"
"steam_games_8186","wikidata_24309","0.8894391414493982"
"steam_games_2804","wikidata_24231","0.9988333540398778"
"steam_games_2804","wikidata_24310","0.9519638060451839"
"steam_games_1382","wikidata_24086","0.9992578957643361"
"steam_games_21918","wikidata_24505","0.9983786083114069"
"steam_games_6048","wikidata_24310","0.9992578957643361"
"steam_games_2539","wikidata_24563","0.9992578957643361"
"steam_games_2540","wikidata_24564","0.9992578957643361"
"steam_games_22413","wikidata_24569","0.998985461269663"
"steam_games_1692","wikidata_23127","0.9101241421473721"
"steam_games_1691","wikidata_23126","0.9101241421473721"
"steam_games_3027","wikidata_24234","0.9904640236309871"
"steam_games_1598","wikidata_24600","0.8894391414493982"
"steam_games_1597","wikidata_24599","0.8894391414493982"
"steam_games_22711","wikidata_24588","0.8894391414493982"
"steam_games_4136","wikidata_25509","0.8827915340611396"
"steam_games_6364","wikidata_24337","0.8894391414493982"
"steam_games_6418","wikidata_24204","0.9988333540398778"
"steam_games_6418","wikidata_24190","0.9988333540398778"
"steam_games_6417","wikidata_24203","0.9988333540398778"
"steam_games_6417","wikidata_24189","0.9988333540398778"
"steam_games_8333","wikidata_24968","0.9983763062675182"
"steam_games_1322","wikidata_25891","0.9988333540398778"
"steam_games_1322","wikidata_25892","0.9988333540398778"
"steam_games_10819","wikidata_13274","0.9053508892464057"
"steam_games_1948","wikidata_18986","0.9985004518830951"
"steam_games_1948","wikidata_18989","0.9919468667990466"
"steam_games_3479","wikidata_19723","0.9984558705159368"
"steam_games_3480","wikidata_19724","0.9984558705159368"
"steam_games_59","wikidata_35340","0.9981001505636812"
"steam_games_58","wikidata_35338","0.9981001505636812"
"steam_games_4","wikidata_35349","0.9984443391651298"
"steam_games_5","wikidata_35347","0.9984443391651298"
"steam_games_11090","wikidata_30023","0.8894391414493982"
"steam_games_18668","wikidata_15356","0.998690950423369"
"steam_games_26200","wikidata_30017","0.9983786083114069"
"steam_games_1524","wikidata_22302","0.9980466763614526"
"steam_games_1524","wikidata_22297","0.9991058106679928"
"steam_games_1525","wikidata_22304","0.9980466763614526"
"steam_games_1525","wikidata_22299","0.9991058106679928"
"steam_games_30678","wikidata_19292","0.8858353257756174"
"steam_games_18425","wikidata_24490","0.9991975477175524"
"steam_games_27124","wikidata_11742","0.9063568636852615"
"steam_games_1540","wikidata_27714","0.898696899172301"
"steam_games_1541","wikidata_27715","0.898696899172301"
"steam_games_9609","wikidata_8134","0.9981131524578036"
"steam_games_366","wikidata_26898","0.9462140078013509"
"steam_games_366","wikidata_26895","0.9462140078013509"
"steam_games_30117","wikidata_19949","0.9179363025632297"
"steam_games_621","wikidata_21630","0.875923329625911"
"steam_games_621","wikidata_10493","0.7690438673372785"
"steam_games_621","wikidata_10483","0.7690438673372785"
"steam_games_621","wikidata_10488","0.7690438673372785"
"steam_games_621","wikidata_10473","0.7690438673372785"
"steam_games_621","wikidata_34333","0.9569479033429842"
"steam_games_621","wikidata_10478","0.9569479033429842"
"steam_games_478","wikidata_30491","0.9179363025632297"
"steam_games_14852","wikidata_30497","0.9976953518914041"
"steam_games_14852","wikidata_30499","0.9976953518914041"
"steam_games_1960","wikidata_30505","0.9504532380160817"
"steam_games_1960","wikidata_30504","0.9504532380160817"
"steam_games_1960","wikidata_30485","0.998063495546823"
"steam_games_469","wikidata_10467","0.9988333540398778"
"steam_games_469","wikidata_18266","0.770172877984729"
"steam_games_469","wikidata_18270","0.9988333540398778"
"steam_games_469","wikidata_11717","0.770172877984729"
"steam_games_469","wikidata_17208","0.9988333540398778"
"steam_games_466","wikidata_4770","0.7904317022361587"
"steam_games_466","wikidata_18282","0.9179363025632297"
"steam_games_466","wikidata_18262","0.7904317022361587"
"steam_games_460","wikidata_10467","0.9961164341486712"
"steam_games_460","wikidata_18266","0.9179363025632297"
"steam_games_460","wikidata_18270","0.9961164341486712"
"steam_games_460","wikidata_11717","0.9179363025632297"
"steam_games_460","wikidata_17208","0.9961164341486712"
"steam_games_585","wikidata_10467","0.9264255244805859"
"steam_games_585","wikidata_18270","0.9264255244805859"
"steam_games_585","wikidata_17208","0.9264255244805859"
"steam_games_8856","wikidata_18294","0.9983579092667555"
"steam_games_8856","wikidata_18290","0.9983579092667555"
"steam_games_463","wikidata_29230","0.8881834579742887"
"steam_games_461","wikidata_29213","0.8780952386813765"
"steam_games_462","wikidata_29214","0.8780952386813765"
"steam_games_2551","wikidata_31816","0.9988333540398778"
"steam_games_2551","wikidata_21426","0.9988333540398778"
"steam_games_9260","wikidata_15524","0.7327062932872781"
"steam_games_9260","wikidata_15523","0.9979616535148713"
"steam_games_25325","wikidata_33058","0.8894391414493982"
"steam_games_1623","wikidata_682","0.9988333540398778"
"steam_games_1624","wikidata_683","0.9988333540398778"
"steam_games_3743","wikidata_32958","0.9988494776640174"
"steam_games_3744","wikidata_32960","0.9988494776640174"
"steam_games_306","wikidata_14732","0.9984907922909914"
"steam_games_2278","wikidata_14705","0.9462140078013509"
"steam_games_2277","wikidata_14717","0.9462140078013509"
"steam_games_2266","wikidata_14767","0.9356940128035185"
"steam_games_2266","wikidata_14763","0.7809823734529898"
"steam_games_2265","wikidata_14697","0.9462140078013509"
"steam_games_276","wikidata_14781","0.9462140078013509"
"steam_games_309","wikidata_14752","0.9992578957643361"
"steam_games_1667","wikidata_14664","0.9979722766813507"
"steam_games_1666","wikidata_14662","0.9979722766813507"
"steam_games_2018","wikidata_22099","0.9809225071784181"
"steam_games_2017","wikidata_22098","0.9809225071784181"
"steam_games_658","wikidata_25918","0.9988728732877872"
"steam_games_1241","wikidata_25826","0.9988728732877872"
"steam_games_1242","wikidata_25827","0.9988728732877872"
"steam_games_2856","wikidata_26170","0.9988728732877872"
"steam_games_2857","wikidata_26171","0.9988728732877872"
"steam_games_16195","wikidata_26211","0.9988333540398778"
"steam_games_3832","wikidata_19987","0.8894391414493982"
"steam_games_2855","wikidata_34978","0.9976672296569983"
"steam_games_22446","wikidata_18442","0.9983786083114069"
"steam_games_11799","wikidata_17830","0.9063904278783567"
"steam_games_31472","wikidata_35973","0.9983786083114069"
"steam_games_4635","wikidata_20721","0.9992578957643361"
"steam_games_12145","wikidata_20721","0.7649429877145331"
"steam_games_3366","wikidata_27735","0.9987386912723284"
"steam_games_452","wikidata_3271","0.8899342281657966"
"steam_games_454","wikidata_25008","0.8571767865527323"
"steam_games_17442","wikidata_23978","0.8894391414493982"
"steam_games_22526","wikidata_24485","0.9983786083114069"
"steam_games_22527","wikidata_24486","0.9983786083114069"
"steam_games_88","wikidata_22942","0.9179363025632297"
"steam_games_87","wikidata_22941","0.9179363025632297"
"steam_games_5033","wikidata_20052","0.8832338605076755"
"steam_games_130","wikidata_3613","0.9214397035110361"
"steam_games_130","wikidata_3612","0.9214397035110361"
"steam_games_19845","wikidata_945","0.8682465092663513"
"steam_games_19845","wikidata_946","0.8682465092663513"
"steam_games_4035","wikidata_15384","0.8894391414493982"
"steam_games_4034","wikidata_15383","0.8894391414493982"
"steam_games_19348","wikidata_19881","0.9983786083114069"
"steam_games_1919","wikidata_34974","0.8789193534184092"
"steam_games_2890","wikidata_24332","0.9988333540398778"
"steam_games_3692","wikidata_24568","0.9988333540398778"
"steam_games_3692","wikidata_24566","0.8458400223308891"
"steam_games_7224","wikidata_34887","0.8894391414493982"
"steam_games_21385","wikidata_18445","0.9983786083114069"
"steam_games_14728","wikidata_34738","0.9179363025632297"
"steam_games_14727","wikidata_34740","0.9179363025632297"
"steam_games_1351","wikidata_1145","0.9462140078013509"
"steam_games_1352","wikidata_1146","0.9462140078013509"
"steam_games_14055","wikidata_15073","0.9982302728912383"
"steam_games_346","wikidata_11475","0.8405211853737662"
"steam_games_346","wikidata_11476","0.8405211853737662"
"steam_games_492","wikidata_26313","0.9988024021875942"
"steam_games_491","wikidata_26312","0.9988024021875942"
"steam_games_491","wikidata_11475","0.7654996789752501"
"steam_games_491","wikidata_11476","0.7654996789752501"
"steam_games_4516","wikidata_26314","0.998110086310268"
"steam_games_4516","wikidata_11475","0.7493469290126077"
"steam_games_4516","wikidata_11476","0.7493469290126077"
"steam_games_4517","wikidata_26315","0.998110086310268"
"steam_games_1225","wikidata_34373","0.9986799312909781"
"steam_games_5002","wikidata_3034","0.9312880471710786"
"steam_games_5899","wikidata_25478","0.9245846532721688"
"steam_games_32810","wikidata_21728","0.9546910307100837"
"steam_games_915","wikidata_27876","0.8894391414493982"
"steam_games_916","wikidata_27877","0.8894391414493982"
"steam_games_4125","wikidata_26967","0.9983786083114069"
"steam_games_2290","wikidata_35609","0.9462140078013509"
"steam_games_4841","wikidata_29013","0.9988333540398778"
"steam_games_2844","wikidata_11266","0.9346165924948117"
"steam_games_2847","wikidata_12168","0.9462140078013509"
"steam_games_2848","wikidata_12169","0.9462140078013509"
"steam_games_2850","wikidata_8687","0.9243043955217372"
"steam_games_2851","wikidata_8688","0.9243043955217372"
"steam_games_5493","wikidata_19897","0.998326784002417"
"steam_games_112","wikidata_28410","0.9462140078013509"
"steam_games_6430","wikidata_22710","0.9992578957643361"
"steam_games_2066","wikidata_21152","0.8758156232119485"
"steam_games_1359","wikidata_15295","0.9987503707626999"
"steam_games_1359","wikidata_15292","0.9987503707626999"
"steam_games_22507","wikidata_34184","0.9987610706974338"
"steam_games_3528","wikidata_32969","0.9983786083114069"
"steam_games_13869","wikidata_35510","0.9910376624821552"
"steam_games_1074","wikidata_22553","0.9987407226579696"
"steam_games_1363","wikidata_30624","0.8976529766974725"
"steam_games_1646","wikidata_18486","0.9988062041920704"
"steam_games_8211","wikidata_34178","0.9988333540398778"
"steam_games_16333","wikidata_19867","0.7246735509395607"
"steam_games_16331","wikidata_19868","0.7246735509395607"
"steam_games_16332","wikidata_19869","0.7246735509395607"
"steam_games_5259","wikidata_19869","0.9976007842304423"
"steam_games_5258","wikidata_19868","0.9976007842304423"
"steam_games_3247","wikidata_32100","0.8910644135286332"
"steam_games_3247","wikidata_32099","0.8910644135286332"
"steam_games_13115","wikidata_3410","0.8952205024407628"
"steam_games_13116","wikidata_3411","0.8952205024407628"
"steam_games_11490","wikidata_24598","0.8894391414493982"
"steam_games_17189","wikidata_10767","0.9685218768557693"
"steam_games_24727","wikidata_10767","0.9988890666875757"
"steam_games_300","wikidata_6158","0.9176651254153242"
"steam_games_296","wikidata_6203","0.9176651254153242"
"steam_games_296","wikidata_6201","0.9176651254153242"
"steam_games_299","wikidata_1232","0.9072602908272059"
"steam_games_299","wikidata_1229","0.9072602908272059"
"steam_games_144","wikidata_11832","0.9990740532270059"
"steam_games_143","wikidata_11831","0.9990740532270059"
"steam_games_146","wikidata_6259","0.9462140078013509"
"steam_games_146","wikidata_6260","0.9462140078013509"
"steam_games_3819","wikidata_27895","0.9983131183155822"
"steam_games_3818","wikidata_27894","0.9983131183155822"
"steam_games_1618","wikidata_33948","0.9983131183155822"
"steam_games_1619","wikidata_33950","0.9983131183155822"
"steam_games_6252","wikidata_22711","0.9992578957643361"
"steam_games_23542","wikidata_33568","0.9179363025632297"
"steam_games_3122","wikidata_32296","0.9984098596862676"
"steam_games_1486","wikidata_22034","0.7062456270735692"
"steam_games_3428","wikidata_27156","0.8894391414493982"
"steam_games_3435","wikidata_27146","0.7757873847283642"
"steam_games_3433","wikidata_27144","0.7710301079334799"
"steam_games_3434","wikidata_27144","0.7710301079334799"
"steam_games_3431","wikidata_27144","0.7710301079334799"
"steam_games_3432","wikidata_27149","0.8894391414493982"
"steam_games_3432","wikidata_27144","0.7710301079334799"
"steam_games_20408","wikidata_3699","0.8861723736393738"
"steam_games_12918","wikidata_19221","0.9348791234401089"
